	precision	recall	f1-score	support
0	0.6899766899766899	0.7210718635809987	0.7051816557474687	821.0
1	0.7369420702754036	0.634505314799673	0.6818980667838312	1223.0
2	0.9129736673089274	0.9537068097953707	0.932895816242822	2981.0
accuracy	0.8380099502487562	0.8380099502487562	0.8380099502487562	0.8380099502487562
macro avg	0.7799641425203402	0.7697613293920141	0.773325179591374	5025.0
weighted avg	0.8336966202319589	0.8380099502487562	0.8346025678139602	5025.0
