	precision	recall	f1-score	support
0	0.6620428751576293	0.6394640682095006	0.6505576208178439	821.0
1	0.7024952015355086	0.598528209321341	0.6463576158940396	1223.0
2	0.896551724137931	0.959409594095941	0.9269162210338682	2981.0
accuracy	0.8193034825870646	0.8193034825870646	0.8193034825870646	0.8193034825870646
macro avg	0.753696600277023	0.7324672905422608	0.7412771525819172	5025.0
weighted avg	0.8110068699776145	0.8193034825870646	0.8134806817575764	5025.0
