	precision	recall	f1-score	support
0	0.6158645276292335	0.8416565164433617	0.7112712300566134	821.0
1	0.7360824742268042	0.5838103025347506	0.6511627906976744	1223.0
2	0.9359018070235254	0.9208319355920832	0.9283057152519445	2981.0
accuracy	0.8258706467661692	0.8258706467661692	0.8258706467661692	0.8258706467661692
macro avg	0.762616269626521	0.7820995848567319	0.7635799120020774	5025.0
weighted avg	0.8349804835622113	0.8258706467661692	0.8253940517543845	5025.0
