	precision	recall	f1-score	support
0	0.6659267480577137	0.730816077953715	0.6968641114982578	821.0
1	0.7488738738738738	0.5437448896156991	0.6300331596399811	1223.0
2	0.8890605686032138	0.9651123783965112	0.9255267814058227	2981.0
accuracy	0.8242786069651741	0.8242786069651741	0.8242786069651741	0.8242786069651741
macro avg	0.7679537301782672	0.7465577819886416	0.7508080175146872	5025.0
weighted avg	0.8184852065491166	0.8242786069651741	0.8162490199304525	5025.0
