	precision	recall	f1-score	support
0	0.6629834254143646	0.876979293544458	0.7551127425275301	821.0
1	0.8571428571428571	0.5249386753883892	0.6511156186612576	1223.0
2	0.9043887147335423	0.9677960415967796	0.9350186355533949	2981.0
accuracy	0.8451741293532339	0.8451741293532339	0.8451741293532339	0.8451741293532339
macro avg	0.808171665763588	0.7899046701765423	0.7804156655807276	5025.0
weighted avg	0.8534483313774323	0.8451741293532339	0.8365278638452718	5025.0
