	precision	recall	f1-score	support
0	0.6193548387096774	0.8185140073081608	0.7051416579223504	821.0
1	0.7488789237668162	0.5461978740801309	0.631678486997636	1223.0
2	0.9163385826771654	0.9369339147936934	0.926521811245646	2981.0
accuracy	0.8224875621890547	0.8224875621890547	0.8224875621890547	0.8224875621890547
macro avg	0.7615241150512196	0.767215265393995	0.7544473187218775	5025.0
weighted avg	0.827059614190665	0.8224875621890547	0.8185921612090804	5025.0
