	precision	recall	f1-score	support
0	0.6363636363636364	0.7417783191230207	0.68503937007874	821.0
1	0.7249488752556237	0.5797219950940311	0.6442526124488869	1223.0
2	0.9145631067961165	0.9480040254948005	0.9309833635315434	2981.0
accuracy	0.8246766169154229	0.8246766169154229	0.8246766169154229	0.8246766169154229
macro avg	0.758625206138459	0.7565014465706175	0.7534251153530568	5025.0
weighted avg	0.8229611226370939	0.8246766169154229	0.8210148606064009	5025.0
