	precision	recall	f1-score	support
0	0.6532663316582915	0.7917174177831913	0.7158590308370044	821.0
1	0.7398373983739838	0.5952575633687653	0.659719075668328	1223.0
2	0.9192383453709784	0.9392821200939282	0.9291521486643438	2981.0
accuracy	0.8314427860696517	0.8314427860696517	0.8314427860696517	0.8314427860696517
macro avg	0.7707806918010845	0.7754190337486282	0.7682434183898921	5025.0
weighted avg	0.832119861503229	0.8314427860696517	0.8287282087617821	5025.0
