	precision	recall	f1-score	support
0	0.6432062561094819	0.8014616321559074	0.7136659436008678	821.0
1	0.7357222844344905	0.5372035977105478	0.6209829867674859	1223.0
2	0.9025410099710518	0.9412948674941295	0.9215106732348113	2981.0
accuracy	0.8200995024875621	0.8200995024875621	0.8200995024875621	0.8200995024875621
macro avg	0.7604898501716747	0.7599866991201948	0.752053201201055	5025.0
weighted avg	0.8195692419607905	0.8200995024875621	0.8144090048608796	5025.0
