	precision	recall	f1-score	support
0	0.6641630901287554	0.7539585870889159	0.7062179121505989	821.0
1	0.7175572519083969	0.6148814390842191	0.6622633201232937	1223.0
2	0.9178981937602627	0.9376048305937604	0.9276468635911052	2981.0
accuracy	0.8290547263681592	0.8290547263681592	0.8290547263681592	0.8290547263681592
macro avg	0.7665395119324717	0.7688149522556319	0.7653760319549993	5025.0
weighted avg	0.8276825734684617	0.8290547263681592	0.8268792530848785	5025.0
