	precision	recall	f1-score	support
0	0.6405940594059406	0.7880633373934226	0.7067176406335336	821.0
1	0.7229299363057324	0.5568274734260016	0.6290993071593534	1223.0
2	0.9092092417832737	0.9372693726937269	0.9230260984473075	2981.0
accuracy	0.8202985074626866	0.8202985074626866	0.8202985074626866	0.8202985074626866
macro avg	0.7575777458316488	0.7607200611710504	0.7529476820800648	5025.0
weighted avg	0.8199848327622142	0.8202985074626866	0.8161481462860586	5025.0
