	precision	recall	f1-score	support
0	0.6329268292682927	0.6321559074299634	0.6325411334552102	821.0
1	0.6537549407114625	0.6762060506950123	0.664790996784566	1223.0
2	0.9326530612244898	0.9198255618919825	0.9261948995102178	2981.0
accuracy	0.8135323383084577	0.8135323383084577	0.8135323383084577	0.8135323383084577
macro avg	0.7397782770680816	0.742729173338986	0.7411756765833314	5025.0
weighted avg	0.8158037800655902	0.8135323383084577	0.8145955532485992	5025.0
