	precision	recall	f1-score	support
0	0.6779324055666004	0.830694275274056	0.7465790914066777	821.0
1	0.8487282463186078	0.5183973834832379	0.6436548223350254	1223.0
2	0.8881418092909535	0.974840657497484	0.9294738525507756	2981.0
accuracy	0.8401990049751243	0.8401990049751243	0.8401990049751243	0.8401990049751243
macro avg	0.8049341537253872	0.7746441054182593	0.7732359220974928	5025.0
weighted avg	0.844204553972969	0.8401990049751243	0.8300284251173096	5025.0
