	precision	recall	f1-score	support
0	0.7229508196721312	0.5371498172959805	0.6163522012578617	821.0
1	0.6503391107761869	0.705641864268193	0.6768627450980392	1223.0
2	0.903821243523316	0.9362629989936263	0.9197561377492174	2981.0
accuracy	0.8149253731343283	0.8149253731343283	0.8149253731343283	0.8149253731343283
macro avg	0.7590370579905447	0.7263515601859333	0.7376570280350395	5025.0
weighted avg	0.8125768124125575	0.8149253731343283	0.8110689236055768	5025.0
