	precision	recall	f1-score	support
0	0.6915544675642595	0.6881851400730816	0.68986568986569	821.0
1	0.703601108033241	0.6230580539656582	0.6608846487424112	1223.0
2	0.90496	0.9486749412948675	0.9263019980347199	2981.0
accuracy	0.826865671641791	0.826865671641791	0.826865671641791	0.826865671641791
macro avg	0.7667051918658335	0.7533060451112025	0.759017445547607	5025.0
weighted avg	0.8210857976109274	0.826865671641791	0.8230742115289951	5025.0
