	precision	recall	f1-score	support
0	0.6948480845442536	0.6406820950060901	0.6666666666666665	821.0
1	0.6960309777347532	0.5878986099754702	0.6374113475177305	1223.0
2	0.8893353941267388	0.9651123783965112	0.9256756756756757	2981.0
accuracy	0.8202985074626866	0.8202985074626866	0.8202985074626866	0.8202985074626866
macro avg	0.7600714854685818	0.7312310277926904	0.7432512299533576	5025.0
weighted avg	0.8105124324521878	0.8202985074626866	0.8131993234898919	5025.0
