	precision	recall	f1-score	support
0	0.6190878378378378	0.8928136419001218	0.7311720698254364	821.0
1	0.7647058823529411	0.48896156991005724	0.5965087281795511	1223.0
2	0.9130434782608695	0.9369339147936934	0.9248344370860927	2981.0
accuracy	0.8206965174129354	0.8206965174129354	0.8206965174129354	0.8206965174129354
macro avg	0.7656123994838828	0.7729030422012908	0.7508384116970267	5025.0
weighted avg	0.8289132373488883	0.8206965174129354	0.8132843583768988	5025.0
