	precision	recall	f1-score	support
0	0.7074954296160878	0.4713763702801462	0.5657894736842106	821.0
1	0.6295774647887324	0.7309893704006541	0.6765039727582294	1223.0
2	0.9143230869849575	0.9379402884937941	0.9259811227024343	2981.0
accuracy	0.8113432835820895	0.8113432835820895	0.8113432835820895	0.8113432835820895
macro avg	0.750465327129926	0.7134353430581982	0.7227581897149581	5025.0
weighted avg	0.8112286784982261	0.8113432835820895	0.8064133817619917	5025.0
