	dccuchile/bert-base-spanish-wwm-uncased	xlm-roberta-base	bert-base-multilingual-uncased
0	0.8338607594936709	0.8386075949367089	0.84375
1	0.8358386075949367	0.8370253164556962	0.8417721518987342
2	0.8269382911392406	0.8360363924050633	0.8409810126582279
3	0.8316851265822784	0.8401898734177216	0.8348496835443038
4	0.8271360759493671	0.8354430379746836	0.8441455696202531
