	precision	recall	f1-score	support
0	0.6779911373707533	0.8024475524475524	0.7349879903923139	572.0
1	0.7401433691756273	0.4807916181606519	0.5829216654904729	859.0
2	0.8812980358667806	0.961789375582479	0.9197860962566845	2146.0
accuracy	0.8207995526977915	0.8207995526977915	0.8207995526977915	0.8207995526977915
macro avg	0.7664775141377204	0.7483428487302278	0.7458985840464903	3577.0
weighted avg	0.8148894799183802	0.8207995526977915	0.8093384969884162	3577.0
