	precision	recall	f1-score	support
0	0.675645342312009	0.7332521315468941	0.7032710280373832	821.0
1	0.7298797409805735	0.6451349141455437	0.6848958333333334	1223.0
2	0.9181133311496888	0.9402884937940289	0.9290686112031821	2981.0
accuracy	0.8346268656716418	0.8346268656716418	0.8346268656716418	0.8346268656716418
macro avg	0.7745461381474238	0.7728918464954889	0.7724118241912995	5025.0
weighted avg	0.8326852914257957	0.8346268656716418	0.83274958172777	5025.0
