	precision	recall	f1-score	support
0	0.6818181818181818	0.7490864799025578	0.7138711549622752	821.0
1	0.7522935779816514	0.6034341782502044	0.6696914700544465	1223.0
2	0.9073838319541693	0.9563904729956391	0.9312428548097338	2981.0
accuracy	0.8366169154228855	0.8366169154228855	0.8366169154228855	0.8366169154228855
macro avg	0.7804985305846674	0.7696370437161337	0.7716018266088186	5025.0
weighted avg	0.83278387586063	0.8366169154228855	0.8320708131917278	5025.0
