	precision	recall	f1-score	support
0	0.6972111553784861	0.6394640682095006	0.6670902160101652	821.0
1	0.6679626749611197	0.7023712183156173	0.684734954165006	1223.0
2	0.9286671131949096	0.9302247567930225	0.9294452823864587	2981.0
accuracy	0.8272636815920398	0.8272636815920398	0.8272636815920398	0.8272636815920398
macro avg	0.7646136478448385	0.7573533477727135	0.7604234841872101	5025.0
weighted avg	0.8274000745228282	0.8272636815920398	0.827022547877051	5025.0
