	precision	recall	f1-score	support
0	0.6604696673189824	0.8221680876979294	0.7325013564839936	821.0
1	0.7452725250278087	0.5478331970564186	0.6314797360980208	1223.0
2	0.9094716494845361	0.9469976517946997	0.9278553820870993	2981.0
accuracy	0.829452736318408	0.829452736318408	0.829452736318408	0.829452736318408
macro avg	0.7717379472771091	0.7723329788496825	0.7639454915563713	5025.0
weighted avg	0.8288256481773726	0.829452736318408	0.8238050198851504	5025.0
