	precision	recall	f1-score	support
0	0.6268656716417911	0.46041412911084045	0.5308988764044944	821.0
1	0.5836341756919374	0.7931316434995912	0.6724436741767764	1223.0
2	0.9572463768115942	0.8862797718886279	0.9203971433548161	2981.0
accuracy	0.7940298507462686	0.7940298507462686	0.7940298507462686	0.7940298507462686
macro avg	0.7225820747151076	0.7132751814996864	0.707913231312029	5025.0
weighted avg	0.8123368681720422	0.7940298507462686	0.7964120349028844	5025.0
