	precision	recall	f1-score	support
0	0.6625766871165644	0.7892813641900122	0.7204002223457476	821.0
1	0.6955767562879445	0.6557645134914145	0.6750841750841751	1223.0
2	0.9371112646855563	0.9097618248909762	0.9232340425531916	2981.0
accuracy	0.8282587064676616	0.8282587064676616	0.8282587064676616	0.8282587064676616
macro avg	0.7650882360300217	0.7849359008574677	0.7729061466610382	5025.0
weighted avg	0.8334715448936316	0.8282587064676616	0.8296989471691282	5025.0
