	precision	recall	f1-score	support
0	0.6302281368821293	0.807551766138855	0.7079551521623065	821.0
1	0.7831632653061225	0.5020441537203598	0.6118584952665671	1223.0
2	0.896519285042333	0.9590741361959074	0.926742301458671	2981.0
accuracy	0.8230845771144278	0.8230845771144278	0.8230845771144278	0.8230845771144278
macro avg	0.7699702290768616	0.7562233520183742	0.7488519829625148	5025.0
weighted avg	0.8254228781215543	0.8230845771144278	0.8143587901063807	5025.0
