	precision	recall	f1-score	support
0	0.6435546875	0.8026796589524969	0.7143631436314363	821.0
1	0.7063953488372093	0.5960752248569092	0.6465631929046564	1223.0
2	0.9232064668238464	0.919490103991949	0.9213445378151262	2981.0
accuracy	0.8216915422885572	0.8216915422885572	0.8216915422885572	0.8216915422885572
macro avg	0.7577188343870187	0.7727483292671185	0.7607569581170729	5025.0
weighted avg	0.8247479378442374	0.8216915422885572	0.820650147874765	5025.0
