	precision	recall	f1-score	support
0	0.7058823529411765	0.6138855054811205	0.6566775244299674	821.0
1	0.7089201877934272	0.6173344235486509	0.659965034965035	1223.0
2	0.8844731977818854	0.9630996309963099	0.9221133772281996	2981.0
accuracy	0.8218905472636816	0.8218905472636816	0.8218905472636816	0.8218905472636816
macro avg	0.766425246172163	0.7314398533420271	0.7462519788744006	5025.0
weighted avg	0.8125678415967895	0.8218905472636816	0.8149431766838814	5025.0
