	precision	recall	f1-score	support
0	0.6586599241466498	0.6345919610231425	0.6464019851116626	821.0
1	0.6669565217391304	0.6271463614063778	0.6464391066160978	1223.0
2	0.9079118028534371	0.9392821200939282	0.9233305853256389	2981.0
accuracy	0.8135323383084577	0.8135323383084577	0.8135323383084577	0.8135323383084577
macro avg	0.7445094162464058	0.7336734808411495	0.7387238923511331	5025.0
weighted avg	0.8085438225109357	0.8135323383084577	0.8106944342336104	5025.0
