	precision	recall	f1-score	support
0	0.691025641025641	0.656516443361754	0.6733291692692066	821.0
1	0.6705882352941176	0.6524938675388389	0.6614173228346456	1223.0
2	0.9155482815057283	0.9382757463938276	0.9267726971504308	2981.0
accuracy	0.8226865671641791	0.8226865671641791	0.8226865671641791	0.8226865671641791
macro avg	0.7590540526084957	0.7490953524314735	0.7538397297514278	5025.0
weighted avg	0.8192459483015588	0.8226865671641791	0.8207813022889999	5025.0
