	precision	recall	f1-score	support
0	0.6763005780346821	0.5700365408038977	0.618638466622604	821.0
1	0.6329555361813426	0.5936222403924775	0.6126582278481011	1223.0
2	0.889202762084118	0.9503522307950352	0.9187611480460515	2981.0
accuracy	0.8013930348258707	0.8013930348258707	0.8013930348258707	0.8013930348258707
macro avg	0.7328196254333809	0.70467033733047	0.7166859475055856	5025.0
weighted avg	0.7920519062863705	0.8013930348258707	0.7952259056876945	5025.0
