	precision	recall	f1-score	support
0	0.6518817204301075	0.8479020979020979	0.7370820668693009	572.0
1	0.7603686635944701	0.5762514551804424	0.6556291390728477	859.0
2	0.9243813015582035	0.9398881640260951	0.9320702402957487	2146.0
accuracy	0.8378529493989376	0.8378529493989376	0.8378529493989376	0.8378529493989376
macro avg	0.7788772285275938	0.7880139057028784	0.7749271487459657	3577.0
weighted avg	0.8414188703543685	0.8378529493989376	0.8345035248497324	3577.0
