	precision	recall	f1-score	support
0	0.607413647851727	0.8781973203410475	0.7181274900398406	821.0
1	0.7825537294563844	0.5061324611610794	0.6146971201588878	1223.0
2	0.916639317361339	0.9369339147936934	0.9266755142667551	2981.0
accuracy	0.8224875621890547	0.8224875621890547	0.8224875621890547	0.8224875621890547
macro avg	0.7688688982231501	0.7737545654319401	0.7531667081551611	5025.0
weighted avg	0.8334829096647915	0.8224875621890547	0.8166720309067117	5025.0
