	precision	recall	f1-score	support
0	0.6674107142857143	0.728380024360536	0.6965637740244612	821.0
1	0.7491712707182321	0.5543744889615699	0.637218045112782	1223.0
2	0.8923697270471465	0.9651123783965112	0.9273166800966963	2981.0
accuracy	0.8264676616915423	0.8264676616915423	0.8264676616915423	0.8264676616915423
macro avg	0.7696505706836976	0.7492889639062058	0.7536994997446466	5025.0
weighted avg	0.8207631476307488	0.8264676616915423	0.8190104579134859	5025.0
