	precision	recall	f1-score	support
0	0.5972222222222222	0.7332521315468941	0.6582832148715144	821.0
1	0.6570175438596492	0.6124284546197875	0.633939906898011	1223.0
2	0.9402155022592978	0.9074136195907414	0.9235233868214408	2981.0
accuracy	0.8071641791044776	0.8071641791044776	0.8071641791044776	0.8071641791044776
macro avg	0.7314850894470565	0.751031401919141	0.738582169530322	5025.0
weighted avg	0.8152506095163706	0.8071641791044776	0.8097079087881583	5025.0
