	precision	recall	f1-score	support
0	0.6607387140902873	0.8444055944055944	0.7413660782808903	572.0
1	0.8385650224215246	0.43538998835855647	0.5731800766283525	859.0
2	0.8725	0.9757688723205965	0.9212494500659921	2146.0
accuracy	0.8249930109029914	0.8249930109029914	0.8249930109029914	0.8249930109029914
macro avg	0.7906012455039373	0.7518548183615824	0.7452652016584116	3577.0
weighted avg	0.8304878106569008	0.8249930109029914	0.8088969534364113	3577.0
