	precision	recall	f1-score	support
0	0.6128236744759556	0.8688811188811189	0.7187274041937817	572.0
1	0.6901197604790419	0.5366705471478463	0.6037982973149968	859.0
2	0.9280266920877026	0.9072693383038211	0.9175306314797362	2146.0
accuracy	0.812133072407045	0.812133072407045	0.812133072407045	0.812133072407045
macro avg	0.7436567090142333	0.7709403347775954	0.7466854443295049	3577.0
weighted avg	0.8204901585887484	0.812133072407045	0.8103985316600333	3577.0
