	precision	recall	f1-score	support
0	0.5876288659793815	0.902557856272838	0.7118155619596542	821.0
1	0.7963246554364471	0.42518397383483236	0.5543710021321961	1223.0
2	0.9051751848280296	0.9446494464944649	0.9244911359159553	2981.0
accuracy	0.8113432835820895	0.8113432835820895	0.8113432835820895	0.8113432835820895
macro avg	0.7630429020812861	0.7574637588673784	0.7302259000026018	5025.0
weighted avg	0.8268011101572544	0.8113432835820895	0.799662564804381	5025.0
