	precision	recall	f1-score	support
0	0.6829787234042554	0.781973203410475	0.7291311754684838	821.0
1	0.8317880794701987	0.5134914145543745	0.634984833164813	1223.0
2	0.8735735735735736	0.9758470311975848	0.9218824275075265	2981.0
accuracy	0.8316417910447761	0.8316417910447761	0.8316417910447761	0.8316417910447761
macro avg	0.7961134588160093	0.7571038830541448	0.7619994787136077	5025.0
weighted avg	0.8322637166029392	0.8316417910447761	0.8205641119244035	5025.0
