	precision	recall	f1-score	support
0	0.6421052631578947	0.8172959805115713	0.7191854233654876	821.0
1	0.7690607734806629	0.5690923957481603	0.6541353383458647	1223.0
2	0.9160975609756098	0.9449849043944984	0.9303170409511228	2981.0
accuracy	0.832636815920398	0.832636815920398	0.832636815920398	0.832636815920398
macro avg	0.7757545325380558	0.7771244268847433	0.7678792675541585	5025.0
weighted avg	0.8355455873209503	0.832636815920398	0.8286037513343991	5025.0
