	precision	recall	f1-score	support
0	0.6571056062581486	0.8811188811188811	0.7528005974607915	572.0
1	0.8351851851851851	0.5250291036088475	0.6447462473195138	859.0
2	0.9079295154185022	0.9603914259086673	0.9334239130434784	2146.0
accuracy	0.8431646631255242	0.8431646631255242	0.8431646631255242	0.8431646631255242
macro avg	0.800073435620612	0.788846470212132	0.776990252607928	3577.0
weighted avg	0.8503509144371934	0.8431646631255242	0.8352157354169248	3577.0
