	precision	recall	f1-score	support
0	0.6448717948717949	0.8793706293706294	0.7440828402366865	572.0
1	0.8556910569105691	0.490104772991851	0.6232420429311621	859.0
2	0.897180043383948	0.9636533084808947	0.9292293866546845	2146.0
accuracy	0.8364551299972044	0.8364551299972044	0.8364551299972044	0.8364551299972044
macro avg	0.7992476317221041	0.7777095702811251	0.7655180899408444	3577.0
weighted avg	0.8468699070882857	0.8364551299972044	0.8261410576612261	3577.0
