	precision	recall	f1-score	support
0	0.6434699714013346	0.8221680876979294	0.7219251336898396	821.0
1	0.7576099210822999	0.5494685200327064	0.6369668246445497	1223.0
2	0.9122693428293946	0.9453203622945321	0.9285008237232291	2981.0
accuracy	0.8288557213930349	0.8288557213930349	0.8288557213930349	0.8288557213930349
macro avg	0.7711164117710098	0.7723189900083893	0.7624642606858728	5025.0
weighted avg	0.8307105852693678	0.8288557213930349	0.8237954063320575	5025.0
