	precision	recall	f1-score	support
0	0.6506986027944112	0.7941534713763703	0.7153044432254525	821.0
1	0.663197729422895	0.5731807031888798	0.6149122807017544	1223.0
2	0.923465947403911	0.9188191881918819	0.9211367075836556	2981.0
accuracy	0.8143283582089552	0.8143283582089552	0.8143283582089552	0.8143283582089552
macro avg	0.7457874265404058	0.762051120919044	0.7504511438369542	5025.0
weighted avg	0.8155554955600937	0.8143283582089552	0.8129773517399442	5025.0
