	precision	recall	f1-score	support
0	0.6829268292682927	0.784409257003654	0.7301587301587301	821.0
1	0.7683438155136268	0.5993458708094849	0.6734037666513552	1223.0
2	0.9104859335038363	0.9553840992955384	0.9323948273039777	2981.0
accuracy	0.8407960199004975	0.8407960199004975	0.8407960199004975	0.8407960199004975
macro avg	0.7872521927619186	0.7797130757028925	0.7786524413713544	5025.0
weighted avg	0.8387116380054469	0.8407960199004975	0.8363188267200163	5025.0
