	precision	recall	f1-score	support
0	0.6780660377358491	0.7003654080389768	0.689035350509287	821.0
1	0.7839586028460543	0.49550286181520853	0.6072144288577155	1223.0
2	0.8613396004700352	0.9835625628983563	0.9184025058731401	2981.0
accuracy	0.8185074626865672	0.8185074626865672	0.8185074626865672	0.8185074626865672
macro avg	0.7744547470173129	0.7264769442508472	0.7382174284133809	5025.0
weighted avg	0.8125625745797077	0.8185074626865672	0.8051898784614808	5025.0
