	precision	recall	f1-score	support
0	0.6679586563307494	0.6297198538367844	0.6482758620689655	821.0
1	0.675	0.6623058053965658	0.6685926537350393	1223.0
2	0.9177318911832186	0.9392821200939282	0.9283819628647215	2981.0
accuracy	0.8212935323383085	0.8212935323383085	0.8212935323383085	0.8212935323383085
macro avg	0.7535635158379893	0.7437692597757595	0.7484168262229088	5025.0
weighted avg	0.81784633322681	0.8212935323383085	0.8193890407117032	5025.0
