	precision	recall	f1-score	support
0	0.6171802054154996	0.805115712545676	0.6987315010570825	821.0
1	0.764030612244898	0.4897792313982011	0.5969108121574489	1223.0
2	0.9018927444794953	0.9590741361959074	0.9296049422858073	2981.0
accuracy	0.8197014925373134	0.8197014925373134	0.8197014925373134	0.8197014925373134
macro avg	0.7610345207132975	0.7513230267132615	0.7417490851667795	5025.0
weighted avg	0.8218222206398031	0.8197014925373134	0.8109120036995853	5025.0
