	precision	recall	f1-score	support
0	0.6446173800259404	0.8688811188811189	0.7401340282948623	572.0
1	0.8211382113821138	0.470314318975553	0.5980754996299038	859.0
2	0.8893690579083837	0.9589934762348555	0.9228699551569506	2146.0
accuracy	0.8272295219457646	0.8272295219457646	0.8272295219457646	0.8272295219457646
macro avg	0.785041549772146	0.7660629713638425	0.7536931610272388	3577.0
weighted avg	0.8338453629363894	0.8272295219457646	0.8156506687541416	3577.0
