	precision	recall	f1-score	support
0	0.6492374727668845	0.7259439707673568	0.6854514088556641	821.0
1	0.719560878243513	0.5895339329517579	0.6480898876404494	1223.0
2	0.9066022544283414	0.9443139885944314	0.9250739401906014	2981.0
accuracy	0.8222885572139303	0.8222885572139303	0.8222885572139303	0.8222885572139303
macro avg	0.7584668684795797	0.7532639641045153	0.7528717455622383	5025.0
weighted avg	0.8190304954595651	0.8222885572139303	0.8185104387985976	5025.0
