	precision	recall	f1-score	support
0	0.6332046332046332	0.8601398601398601	0.7294292068198666	572.0
1	0.7955801104972375	0.5029103608847497	0.6162624821683309	859.0
2	0.9065130704474966	0.9534016775396086	0.9293663411310469	2146.0
accuracy	0.8303047246295778	0.8303047246295778	0.8303047246295778	0.8303047246295778
macro avg	0.7784326047164557	0.7721506328547395	0.7583526767064148	3577.0
weighted avg	0.8361681337127495	0.8303047246295778	0.8222038430390792	3577.0
