	precision	recall	f1-score	support
0	0.6595092024539877	0.7856272838002436	0.7170650361311839	821.0
1	0.8111638954869359	0.5584627964022895	0.6615012106537531	1223.0
2	0.899219968798752	0.966789667896679	0.9317814419657291	2981.0
accuracy	0.8378109452736319	0.8378109452736319	0.8378109452736319	0.8378109452736319
macro avg	0.7899643555798918	0.770293249366404	0.7701158962502221	5025.0
weighted avg	0.8386239256486221	0.8378109452736319	0.8309187768742449	5025.0
