	precision	recall	f1-score	support
0	0.652972972972973	0.7356881851400731	0.6918671248568155	821.0
1	0.7030075187969925	0.6116107931316435	0.6541320507214692	1223.0
2	0.9189723320158103	0.9359275410935928	0.9273724447399037	2981.0
accuracy	0.8242786069651741	0.8242786069651741	0.8242786069651741	0.8242786069651741
macro avg	0.7583176079285918	0.761075506455103	0.7577905401060628	5025.0
weighted avg	0.8229503538385399	0.8242786069651741	0.8223927692158118	5025.0
