	precision	recall	f1-score	support
0	0.65234375	0.8136419001218027	0.724119241192412	821.0
1	0.6961572832886506	0.6369582992641046	0.6652433817250213	1223.0
2	0.9389312977099237	0.9077490774907749	0.923076923076923	2981.0
accuracy	0.8264676616915423	0.8264676616915423	0.8264676616915423	0.8264676616915423
macro avg	0.7624774436661914	0.7861164256255608	0.7708131819981188	5025.0
weighted avg	0.8330206516786671	0.8264676616915423	0.8278182807086524	5025.0
