	precision	recall	f1-score	support
0	0.6374889478337754	0.8781973203410475	0.7387295081967213	821.0
1	0.8145859085290482	0.5388389206868357	0.6486220472440946	1223.0
2	0.9173419773095624	0.9493458570949346	0.9330695680844049	2981.0
accuracy	0.8378109452736319	0.8378109452736319	0.8378109452736319	0.8378109452736319
macro avg	0.7898056112241286	0.7887940327076058	0.7734737078417403	5025.0
weighted avg	0.8466096371467384	0.8378109452736319	0.8320879746206263	5025.0
