	precision	recall	f1-score	support
0	0.6821266968325792	0.7344701583434835	0.7073313782991202	821.0
1	0.7397849462365591	0.562551103843009	0.6391082210868556	1223.0
2	0.8897539707256307	0.9584032203958404	0.9228036175710594	2981.0
accuracy	0.8254726368159204	0.8254726368159204	0.8254726368159204	0.8254726368159204
macro avg	0.7705552045982563	0.7518081608607776	0.756414405652345	5025.0
weighted avg	0.8193312625034755	0.8254726368159204	0.818552437801419	5025.0
