	precision	recall	f1-score	support
0	0.0	0.0	0.0	821.0
1	0.49974502804691484	0.8013082583810303	0.6155778894472361	1223.0
2	0.902088772845953	0.9272056356927205	0.9144747725392887	2981.0
accuracy	0.7450746268656716	0.7450746268656716	0.7450746268656716	0.7450746268656716
macro avg	0.467277933630956	0.5761712980245836	0.5100175539955082	5025.0
weighted avg	0.6567790649065001	0.7450746268656716	0.6923186180564357	5025.0
