	precision	recall	f1-score	support
0	0.6666666666666666	0.8426573426573427	0.7444015444015443	572.0
1	0.7890365448504983	0.5529685681024447	0.6502395619438741	859.0
2	0.9089698046181173	0.9538676607642125	0.9308776716689404	2146.0
accuracy	0.8398098965613643	0.8398098965613643	0.8398098965613643	0.8398098965613643
macro avg	0.7882243387117608	0.7831645238413333	0.7751729260047862	3577.0
weighted avg	0.8414215616635145	0.8398098965613643	0.8336642299438124	3577.0
