	precision	recall	f1-score	support
0	0.6008097165991902	0.9037758830694276	0.7217898832684824	821.0
1	0.6319772942289499	0.5461978740801309	0.5859649122807017	1223.0
2	0.9520673252835712	0.8728614558872861	0.9107455372768639	2981.0
accuracy	0.798407960199005	0.798407960199005	0.798407960199005	0.798407960199005
macro avg	0.7282847787039038	0.7742784043456149	0.739500110942016	5025.0
weighted avg	0.816773274595078	0.798407960199005	0.8008272693542395	5025.0
