	precision	recall	f1-score	support
0	0.7097378277153558	0.46163215590742995	0.5594095940959409	821.0
1	0.6149768058316766	0.758789860997547	0.6793557833089311	1223.0
2	0.9268947015425889	0.9272056356927205	0.9270501425456985	2981.0
accuracy	0.8101492537313433	0.8101492537313433	0.8101492537313433	0.8101492537313433
macro avg	0.7505364450298737	0.7158758841992325	0.7219385066501903	5025.0
weighted avg	0.8154994020666477	0.8101492537313433	0.8066992785409587	5025.0
