	precision	recall	f1-score	support
0	0.6603951081843838	0.8550548112058465	0.7452229299363057	821.0
1	0.8127340823970037	0.5322976287816844	0.6432806324110673	1223.0
2	0.908256880733945	0.9630996309963099	0.9348746336698144	2981.0
accuracy	0.8405970149253731	0.8405970149253731	0.8405970149253731	0.8405970149253731
macro avg	0.793795357105111	0.7834840236612802	0.7744593986723958	5025.0
weighted avg	0.844511826479364	0.8405970149253731	0.8329197058479919	5025.0
