	precision	recall	f1-score	support
0	0.6713709677419355	0.8112058465286236	0.7346938775510203	821.0
1	0.8198830409356725	0.5731807031888798	0.674687199230029	1223.0
2	0.9030837004405287	0.9627641730962764	0.9319694755642149	2981.0
accuracy	0.84318407960199	0.84318407960199	0.84318407960199	0.84318407960199
macro avg	0.7981125697060456	0.7823835742712598	0.780450184115088	5025.0
weighted avg	0.844976126287298	0.84318407960199	0.8371198258277885	5025.0
