	precision	recall	f1-score	support
0	0.6102522375915378	0.9135200974421437	0.7317073170731707	821.0
1	0.8337837837837838	0.5044971381847915	0.6286296484971982	1223.0
2	0.9224476439790575	0.9456558201945656	0.933907569985092	2981.0
accuracy	0.8330348258706468	0.8330348258706468	0.8330348258706468	0.8330348258706468
macro avg	0.7888278884514598	0.7878910186071669	0.764748178518487	5025.0
weighted avg	0.849860911707819	0.8330348258706468	0.8265719867770558	5025.0
