	precision	recall	f1-score	support
0	0.6283595922150139	0.8258221680876979	0.7136842105263157	821.0
1	0.7819460726846424	0.5453802125919869	0.6425818882466282	1223.0
2	0.9123827998706757	0.9466621938946662	0.9292064537372408	2981.0
accuracy	0.8292537313432836	0.8292537313432836	0.8292537313432836	0.8292537313432836
macro avg	0.7742294882567773	0.772621524858117	0.7618241841700616	5025.0
weighted avg	0.8342321191077272	0.8292537313432836	0.8242341939817803	5025.0
