	precision	recall	f1-score	support
0	0.6395793499043977	0.8148599269183922	0.7166577396893412	821.0
1	0.7773933102652826	0.5511038430089943	0.644976076555024	1223.0
2	0.9103470437017995	0.9503522307950352	0.9299195798457246	2981.0
accuracy	0.831044776119403	0.831044776119403	0.831044776119403	0.831044776119403
macro avg	0.7757732346238265	0.7721053335741406	0.76385113203003	5025.0
weighted avg	0.8337494929355255	0.831044776119403	0.8257257738172832	5025.0
