	precision	recall	f1-score	support
0	0.6281818181818182	0.8416565164433617	0.7194169703279542	821.0
1	0.8098859315589354	0.5224856909239575	0.6351888667992047	1223.0
2	0.9056122448979592	0.95270043609527	0.9285597515121792	2981.0
accuracy	0.8298507462686567	0.8298507462686567	0.8298507462686567	0.8298507462686567
macro avg	0.781226664879571	0.7722808811541965	0.7610551962131127	5025.0
weighted avg	0.836986640609884	0.8298507462686567	0.8229878479587033	5025.0
