	precision	recall	f1-score	support
0	0.6484983314794216	0.7101096224116931	0.6779069767441861	821.0
1	0.6776715899218071	0.6377759607522485	0.6571187868576243	1223.0
2	0.9243697478991597	0.922509225092251	0.923438549361988	2981.0
accuracy	0.8185074626865672	0.8185074626865672	0.8185074626865672	0.8185074626865672
macro avg	0.7501798897667961	0.7567982694187309	0.7528214376545995	5025.0
weighted avg	0.8192548662898248	0.8185074626865672	0.8185051183844653	5025.0
