	precision	recall	f1-score	support
0	0.6490514905149052	0.8374125874125874	0.7312977099236642	572.0
1	0.8367768595041323	0.47147846332945287	0.6031273268801192	859.0
2	0.8828025477707007	0.9687791239515378	0.9237947122861586	2146.0
accuracy	0.8283477774671513	0.8283477774671513	0.8283477774671513	0.8283477774671513
macro avg	0.7895436325965793	0.7592233915645261	0.752739916363314	3577.0
weighted avg	0.8343704339962256	0.8283477774671513	0.8160056238279157	3577.0
