	precision	recall	f1-score	support
0	0.6588720770288858	0.8374125874125874	0.7374903772132411	572.0
1	0.7573770491803279	0.5378346915017462	0.628999319264806	859.0
2	0.9058035714285714	0.945479962721342	0.9252165982672138	2146.0
accuracy	0.8303047246295778	0.8303047246295778	0.8303047246295778	0.8303047246295778
macro avg	0.7740175658792617	0.7735757472118919	0.7639020982484203	3577.0
weighted avg	0.8306726803444614	0.8303047246295778	0.8240619879496459	3577.0
