	precision	recall	f1-score	support
0	0.657258064516129	0.7941534713763703	0.7192498621070049	821.0
1	0.7852028639618138	0.5380212591986917	0.638524987869966	1223.0
2	0.8995305164319248	0.9641060046964106	0.930699481865285	2981.0
accuracy	0.832636815920398	0.832636815920398	0.832636815920398	0.832636815920398
macro avg	0.780663814969956	0.7654269117571575	0.7628247772807519	5025.0
weighted avg	0.8321218792192254	0.832636815920398	0.8250418611731808	5025.0
