	precision	recall	f1-score	support
0	0.6415770609318996	0.8721071863580999	0.7392875580795043	821.0
1	0.744060475161987	0.5633687653311529	0.6412284783620288	1223.0
2	0.9272544418370767	0.9278765514927877	0.9275653923541247	2981.0
accuracy	0.8300497512437811	0.8300497512437811	0.8300497512437811	0.8300497512437811
macro avg	0.7709639926436544	0.7877841677273468	0.7693604762652192	5025.0
weighted avg	0.8359932774655772	0.8300497512437811	0.8271144176771502	5025.0
