	precision	recall	f1-score	support
0	0.6877523553162853	0.6224116930572473	0.6534526854219949	821.0
1	0.6661129568106312	0.6557645134914145	0.6608982282653482	1223.0
2	0.910006497725796	0.9396175779939617	0.9245750123782802	2981.0
accuracy	0.8187064676616915	0.8187064676616915	0.8187064676616915	0.8187064676616915
macro avg	0.754623936617571	0.7392645948475413	0.7463086420218744	5025.0
weighted avg	0.8143343680825214	0.8187064676616915	0.8161037412536581	5025.0
