	precision	recall	f1-score	support
0	0.6271808999081726	0.8319123020706456	0.7151832460732983	821.0
1	0.7414364640883978	0.5486508585445625	0.6306390977443609	1223.0
2	0.9194985153414714	0.9349211673934921	0.9271457085828343	2981.0
accuracy	0.8240796019900497	0.8240796019900497	0.8240796019900497	0.8240796019900497
macro avg	0.7627052931126806	0.7718281093362335	0.7576560174668311	5025.0
weighted avg	0.8284014703756511	0.8240796019900497	0.8203499341000915	5025.0
