	precision	recall	f1-score	support
0	0.6677165354330709	0.5164433617539586	0.5824175824175825	821.0
1	0.6540016168148747	0.6614881439084219	0.6577235772357723	1223.0
2	0.9016809387884555	0.9537068097953707	0.9269644603847408	2981.0
accuracy	0.8111442786069651	0.8111442786069651	0.8111442786069651	0.8111442786069651
macro avg	0.7411330303454671	0.7105461051525838	0.7223685400126986	5025.0
weighted avg	0.8031741555191102	0.8111442786069651	0.8051426520459894	5025.0
