	precision	recall	f1-score	support
0	0.5689655172413793	0.040194884287454324	0.07508532423208192	821.0
1	0.5	0.8315617334423548	0.6245010746085354	1223.0
2	0.9198772587794067	0.9050654142905066	0.9124112275955361	2981.0
accuracy	0.7458706467661692	0.7458706467661692	0.7458706467661692	0.7458706467661692
macro avg	0.6629475920069288	0.5922740106734387	0.5373325421453844	5025.0
weighted avg	0.7603531936470814	0.7458706467661692	0.705533877592651	5025.0
