	precision	recall	f1-score	support
0	0.6557692307692308	0.830694275274056	0.7329392799570124	821.0
1	0.7338056680161943	0.5928045789043336	0.6558118498417005	1223.0
2	0.9232565899232565	0.9282120093928212	0.9257276681164269	2981.0
accuracy	0.8306467661691542	0.8306467661691542	0.8306467661691542	0.8306467661691542
macro avg	0.7709438295695605	0.7839036211904036	0.7714929326383798	5025.0
weighted avg	0.8334445303495666	0.8306467661691542	0.8285363621604329	5025.0
