	precision	recall	f1-score	support
0	0.6687737041719343	0.6443361753958587	0.6563275434243176	821.0
1	0.6575235109717869	0.6860179885527392	0.6714685874349741	1223.0
2	0.9320486815415822	0.9248574303924857	0.9284391311668632	2981.0
accuracy	0.8208955223880597	0.8208955223880597	0.8208955223880597	0.8208955223880597
macro avg	0.7527819655617677	0.7517371981136947	0.7520784206753849	5025.0
weighted avg	0.8222192208396237	0.8208955223880597	0.8214384170333846	5025.0
