	precision	recall	f1-score	support
0	0.673120728929385	0.7198538367844093	0.6957033549146557	821.0
1	0.676923076923077	0.5756336876533116	0.622182942996023	1223.0
2	0.9040875442549082	0.9423012411942301	0.9227989487516425	2981.0
accuracy	0.8167164179104478	0.8167164179104478	0.8167164179104478	0.8167164179104478
macro avg	0.7513771167024568	0.7459295885439836	0.7468950822207737	5025.0
weighted avg	0.8110634847665332	0.8167164179104478	0.8125305193826298	5025.0
