	precision	recall	f1-score	support
0	0.626933575978162	0.8392204628501827	0.7177083333333333	821.0
1	0.7426303854875284	0.53556827473426	0.6223277909738717	1223.0
2	0.9155716162943496	0.9349211673934921	0.9251452282157675	2981.0
accuracy	0.822089552238806	0.822089552238806	0.822089552238806	0.822089552238806
macro avg	0.7617118592533467	0.7699033016593116	0.7550604508409909	5025.0
weighted avg	0.8263220727368705	0.822089552238806	0.8175529065351074	5025.0
