	precision	recall	f1-score	support
0	0.6327474560592045	0.833130328867235	0.719242902208202	821.0
1	0.8062418725617685	0.5069501226492232	0.6224899598393575	1223.0
2	0.9004724409448819	0.9590741361959074	0.928849902534113	2981.0
accuracy	0.828457711442786	0.828457711442786	0.828457711442786	0.828457711442786
macro avg	0.7798205898552849	0.7663848625707885	0.7568609215272243	5025.0
weighted avg	0.8337965807013619	0.828457711442786	0.8200408364279919	5025.0
