	precision	recall	f1-score	support
0	0.6696528555431132	0.728380024360536	0.6977829638273045	821.0
1	0.7266470009832842	0.6042518397383483	0.6598214285714286	1223.0
2	0.909470304975923	0.9503522307950352	0.9294619422572178	2981.0
accuracy	0.8298507462686567	0.8298507462686567	0.8298507462686567	0.8298507462686567
macro avg	0.7685900538341067	0.7609946982979731	0.7623554448853169	5025.0
weighted avg	0.8257920906938664	0.8298507462686567	0.8259835761818587	5025.0
