	precision	recall	f1-score	support
0	0.6591397849462366	0.7466504263093788	0.7001713306681897	821.0
1	0.7234468937875751	0.5903515944399019	0.65015758667267	1223.0
2	0.9141104294478528	0.9496813149949681	0.9315564330371833	2981.0
accuracy	0.8290547263681592	0.8290547263681592	0.8290547263681592	0.8290547263681592
macro avg	0.7655657027272215	0.7622277785814163	0.7606284501260143	5025.0
weighted avg	0.8260482596471869	0.8290547263681592	0.8252643020623089	5025.0
