	precision	recall	f1-score	support
0	0.6078782452999105	0.8270401948842875	0.7007223942208463	821.0
1	0.7538975501113586	0.553556827473426	0.6383781235266384	1223.0
2	0.9229235880398671	0.9319020462931902	0.927391086629945	2981.0
accuracy	0.8226865671641791	0.8226865671641791	0.8226865671641791	0.8226865671641791
macro avg	0.7615664611503786	0.7708330228836345	0.7554972014591432	5025.0
weighted avg	0.83031242967647	0.8226865671641791	0.8200163900442307	5025.0
