	precision	recall	f1-score	support
0	0.6194467728415759	0.9001218026796589	0.733862959285005	821.0
1	0.8752	0.4472608340147179	0.591991341991342	1223.0
2	0.8980355472404116	0.9661187520966119	0.9308338720103426	2981.0
accuracy	0.8290547263681592	0.8290547263681592	0.8290547263681592	0.8290547263681592
macro avg	0.7975607733606624	0.7711671295969963	0.7522293910955632	5025.0
weighted avg	0.8469610680251942	0.8290547263681592	0.8161836165753695	5025.0
