	dccuchile/bert-base-spanish-wwm-uncased	dccuchile/bert-base-spanish-wwm-cased	xlm-roberta-base	bert-base-multilingual-uncased	bert-base-multilingual-cased
f1	0.7269874476987448	0.7344753747323339	0.7457627118644068	0.7446250655479811	0.7430079155672824
accuracy	0.8320398009950248	0.8362189054726368	0.8390049751243781	0.8411940298507463	0.8394029850746269
precision	0.6370302474793768	0.6552053486150907	0.6597938144329897	0.6537753222836096	0.6554934823091247
recall	0.8465286236297198	0.8355663824604141	0.8574908647990256	0.8647990255785627	0.8574908647990256
