	precision	recall	f1-score	support
0	0.6404602109300096	0.8136419001218027	0.7167381974248926	821.0
1	0.7494600431965442	0.5674570727718724	0.6458818054909259	1223.0
2	0.9168848167539267	0.9399530358939953	0.9282756335928442	2981.0
accuracy	0.8286567164179105	0.8286567164179105	0.8286567164179105	0.8286567164179105
macro avg	0.768935023626827	0.7736840029292235	0.7636318788362209	5025.0
weighted avg	0.8309733541783815	0.8286567164179105	0.8249841138192056	5025.0
