	precision	recall	f1-score	support
0	0.6490438695163104	0.702801461632156	0.6748538011695906	821.0
1	0.7123015873015873	0.5870809484873263	0.6436575526669654	1223.0
2	0.9053708439897699	0.9500167728950016	0.9271566541168768	2981.0
accuracy	0.8212935323383085	0.8212935323383085	0.8212935323383085	0.8212935323383085
macro avg	0.7555721002692225	0.746633061004828	0.7485560026511443	5025.0
weighted avg	0.8165015610101962	0.8212935323383085	0.8169357499690233	5025.0
