	precision	recall	f1-score	support
0	0.6155963302752293	0.8172959805115713	0.7022501308215594	821.0
1	0.7272727272727273	0.588716271463614	0.6507004066877542	1223.0
2	0.933106960950764	0.9218383092921838	0.9274384070199121	2981.0
accuracy	0.823681592039801	0.823681592039801	0.823681592039801	0.823681592039801
macro avg	0.7586586728329068	0.7759501870891231	0.7601296481764086	5025.0
weighted avg	0.831134524020843	0.823681592039801	0.8232931037034789	5025.0
