	precision	recall	f1-score	support
0	0.6443014705882353	0.853836784409257	0.7344159245678366	821.0
1	0.795	0.5200327064595257	0.6287691547207118	1223.0
2	0.9062798852406758	0.9537068097953707	0.9293886891140895	2981.0
accuracy	0.8318407960199005	0.8318407960199005	0.8318407960199005	0.8318407960199005
macro avg	0.7818604519429705	0.7758587668880512	0.7641912561342125	5025.0
weighted avg	0.8363934020408748	0.8318407960199005	0.8243677278691989	5025.0
