	precision	recall	f1-score	support
0	0.6699029126213593	0.5883069427527405	0.6264591439688716	821.0
1	0.6359550561797753	0.6941946034341783	0.6637998436278342	1223.0
2	0.9248905355338498	0.9211673934921167	0.9230252100840337	2981.0
accuracy	0.8115422885572139	0.8115422885572139	0.8115422885572139	0.8115422885572139
macro avg	0.7435828347783281	0.7345563132263452	0.7377613992269132	5025.0
weighted avg	0.8129078629644592	0.8115422885572139	0.8114802621324954	5025.0
