	precision	recall	f1-score	support
0	0.6208588957055214	0.8846153846153846	0.7296322999279019	572.0
1	0.7661870503597122	0.4959254947613504	0.6021201413427562	859.0
2	0.914777878513146	0.940354147250699	0.9273897058823529	2146.0
accuracy	0.8247134470226447	0.8247134470226447	0.8247134470226447	0.8247134470226447
macro avg	0.7672746081927931	0.7736316755424779	0.753047382384337	3577.0
weighted avg	0.8320937355023098	0.8247134470226447	0.8176542314217826	3577.0
