	precision	recall	f1-score	support
0	0.6736263736263737	0.7466504263093788	0.7082611207394569	821.0
1	0.7742663656884876	0.5609157808667212	0.6505452821242295	1223.0
2	0.8943945493960979	0.9688024152968803	0.9301127214170691	2981.0
accuracy	0.8332338308457712	0.8332338308457712	0.8332338308457712	0.8332338308457712
macro avg	0.7807624295703196	0.7587895408243268	0.7629730414269185	5025.0
weighted avg	0.8290875959669732	0.8332338308457712	0.825823936857574	5025.0
