	precision	recall	f1-score	support
0	0.6267806267806267	0.8038976857490865	0.7043756670224119	821.0
1	0.7306079664570231	0.5699100572363042	0.6403307303628848	1223.0
2	0.9241219350563287	0.9355920831935592	0.9298216369394899	2981.0
accuracy	0.8250746268656717	0.8250746268656717	0.8250746268656717	0.8250746268656717
macro avg	0.7605035094313263	0.7697999420596501	0.7581760114415955	5025.0
weighted avg	0.8284433683515918	0.8250746268656717	0.822530389169319	5025.0
