	precision	recall	f1-score	support
0	0.6775	0.6601705237515225	0.6687230104873535	821.0
1	0.6666666666666666	0.6475878986099755	0.6569888013272501	1223.0
2	0.9160355614092854	0.9332438778933244	0.9245596543702226	2981.0
accuracy	0.8191044776119403	0.8191044776119403	0.8191044776119403	0.8191044776119403
macro avg	0.7534007426919841	0.7470007667516074	0.7500904887282754	5025.0
weighted avg	0.8163707148048583	0.8191044776119403	0.8176380547882541	5025.0
