	precision	recall	f1-score	support
0	0.6332429990966576	0.853836784409257	0.7271784232365145	821.0
1	0.7815950920245399	0.5208503679476697	0.6251226692836114	1223.0
2	0.91266516274573	0.9500167728950016	0.9309664694280079	2981.0
accuracy	0.8298507462686567	0.8298507462686567	0.8298507462686567	0.8298507462686567
macro avg	0.7758344179556426	0.7749013084173094	0.7610891873160446	5025.0
weighted avg	0.8351120696416695	0.8298507462686567	0.8232337423633685	5025.0
