	precision	recall	f1-score	support
0	0.6390899689762151	0.7527405602923264	0.6912751677852348	821.0
1	0.6936251189343482	0.5960752248569092	0.6411609498680738	1223.0
2	0.9211839042234785	0.9292183830929218	0.9251837007348029	2981.0
accuracy	0.8193034825870646	0.8193034825870646	0.8193034825870646	0.8193034825870646
macro avg	0.7512996640446805	0.7593447227473858	0.7525399394627038	5025.0
weighted avg	0.819710567855994	0.8193034825870646	0.817840669916573	5025.0
