	precision	recall	f1-score	support
0	0.6806596701649176	0.5529841656516443	0.6102150537634409	821.0
1	0.6274809160305344	0.6721177432542927	0.6490327674694037	1223.0
2	0.9097769028871391	0.9302247567930225	0.919887211809587	2981.0
accuracy	0.805771144278607	0.805771144278607	0.805771144278607	0.805771144278607
macro avg	0.7393058296941971	0.7184422218996532	0.7263783443474772	5025.0
weighted avg	0.8036369546303089	0.805771144278607	0.8033706292854218	5025.0
