	precision	recall	f1-score	support
0	0.591692789968652	0.9196102314250914	0.720076299475441	821.0
1	0.7981029810298103	0.48160261651676206	0.6007139214686384	1223.0
2	0.919628030554633	0.9288829251928883	0.9242323097463284	2981.0
accuracy	0.8185074626865672	0.8185074626865672	0.8185074626865672	0.8185074626865672
macro avg	0.7698079338510317	0.7766985910449139	0.7483408435634694	5025.0
weighted avg	0.8364718179994193	0.8185074626865672	0.812137767796873	5025.0
