	precision	recall	f1-score	support
0	0.6829268292682927	0.682095006090134	0.6825106642291285	821.0
1	0.6916524701873935	0.6639411283728537	0.6775135586149353	1223.0
2	0.9178488947542065	0.9332438778933244	0.9254823685961412	2981.0
accuracy	0.8266666666666667	0.8266666666666667	0.8266666666666667	0.8266666666666667
macro avg	0.7641427314032976	0.7597600041187706	0.7618355304800684	5025.0
weighted avg	0.8244142195285055	0.8266666666666667	0.8254334882195578	5025.0
