	precision	recall	f1-score	support
0	0.6494736842105263	0.7515225334957369	0.696781479390175	821.0
1	0.7219827586206896	0.5478331970564186	0.6229660622966062	1223.0
2	0.9030823006037496	0.9533713518953372	0.9275456919060051	2981.0
accuracy	0.8216915422885572	0.8216915422885572	0.8216915422885572	0.8216915422885572
macro avg	0.7581795811449886	0.7509090274824975	0.7490977445309288	5025.0
weighted avg	0.8175703774387508	0.8216915422885572	0.8157131933014695	5025.0
