	precision	recall	f1-score	support
0	0.6565445026178011	0.7637028014616322	0.706081081081081	821.0
1	0.7074517019319227	0.6287816843826656	0.6658008658008657	1223.0
2	0.9289306067717064	0.9295538409929553	0.9292421193829645	2981.0
accuracy	0.8292537313432836	0.8292537313432836	0.8292537313432836	0.8292537313432836
macro avg	0.7643089371071433	0.7740127756124178	0.7670413554216372	5025.0
weighted avg	0.8305231058504304	0.8292537313432836	0.8286642356860981	5025.0
