	precision	recall	f1-score	support
0	0.6786492374727668	0.758830694275274	0.7165037377803334	821.0
1	0.8030480656506448	0.5600981193785772	0.6599229287090558	1223.0
2	0.8881376767055931	0.9694733310969473	0.9270248596631916	2981.0
accuracy	0.8354228855721393	0.8354228855721393	0.8354228855721393	0.8354228855721393
macro avg	0.7899449932763348	0.7628007149169328	0.7678171753841937	5025.0
weighted avg	0.8332014373164681	0.8354228855721393	0.8276211775492146	5025.0
