	precision	recall	f1-score	support
0	0.6527777777777778	0.8587088915956151	0.7417148869016308	821.0
1	0.8537931034482759	0.5061324611610794	0.6355236139630389	1223.0
2	0.896583850931677	0.9684669573968467	0.9311401386873085	2981.0
accuracy	0.8380099502487562	0.8380099502487562	0.8380099502487562	0.8380099502487562
macro avg	0.8010515773859103	0.777769436717847	0.7694595465173261	5025.0
weighted avg	0.8463355185472888	0.8380099502487562	0.8282431951144085	5025.0
