	precision	recall	f1-score	support
0	0.6574585635359116	0.7247259439707674	0.6894553881807648	821.0
1	0.690562613430127	0.6222403924775143	0.6546236559139785	1223.0
2	0.9178263750828363	0.9292183830929218	0.9234872478746456	2981.0
accuracy	0.8210945273631841	0.8210945273631841	0.8210945273631841	0.8210945273631841
macro avg	0.755282517349625	0.7587282398470679	0.7558554306564629	5025.0
weighted avg	0.8199745235840724	0.8210945273631841	0.8198135504066713	5025.0
