	precision	recall	f1-score	support
0	0.6538461538461539	0.7247259439707674	0.6874638937030618	821.0
1	0.7767106842737095	0.5290269828291088	0.6293774319066148	1223.0
2	0.8808653260207191	0.9698087889969809	0.9231997445313748	2981.0
accuracy	0.8224875621890547	0.8224875621890547	0.8224875621890547	0.8224875621890547
macro avg	0.7704740547135275	0.7411872385989523	0.7466803567136838	5025.0
weighted avg	0.8184247554312841	0.8224875621890547	0.8131731133134391	5025.0
