	precision	recall	f1-score	support
0	0.6303921568627451	0.7831912302070646	0.6985334057577405	821.0
1	0.6855059252506837	0.6148814390842191	0.6482758620689655	1223.0
2	0.938101788170564	0.915129151291513	0.9264730854134828	2981.0
accuracy	0.820497512437811	0.820497512437811	0.820497512437811	0.820497512437811
macro avg	0.7513332900946642	0.7710672735275989	0.7577607844133963	5025.0
weighted avg	0.8263496791845474	0.820497512437811	0.8215230991154313	5025.0
