	precision	recall	f1-score	support
0	0.6449760765550239	0.8209500609013398	0.7224008574490889	821.0
1	0.7423625254582484	0.5960752248569092	0.6612244897959183	1223.0
2	0.9279519679786524	0.9332438778933244	0.9305903997323968	2981.0
accuracy	0.8328358208955224	0.8328358208955224	0.8328358208955224	0.8328358208955224
macro avg	0.7717635233306416	0.7834230545505245	0.7714052489924681	5025.0
weighted avg	0.8365491629913385	0.8328358208955224	0.831016644097191	5025.0
