	precision	recall	f1-score	support
0	0.6402597402597403	0.8618881118881119	0.7347242921013413	572.0
1	0.7858376511226253	0.529685681024447	0.6328233657858136	859.0
2	0.9106822262118492	0.945479962721342	0.9277549154092365	2146.0
accuracy	0.8322616717920045	0.8322616717920045	0.8322616717920045	0.8322616717920045
macro avg	0.7789265391980716	0.7790179185446336	0.7651008577654638	3577.0
weighted avg	0.8374579734955369	0.8322616717920045	0.8260608372267829	3577.0
