	precision	recall	f1-score	support
0	0.6246882793017456	0.8758741258741258	0.7292576419213973	572.0
1	0.8301158301158301	0.5005820721769499	0.6245461147421931	859.0
2	0.9105006645990252	0.9575955265610439	0.9334544628662276	2146.0
accuracy	0.8347777467151244	0.8347777467151244	0.8347777467151244	0.8347777467151244
macro avg	0.7884349246722003	0.7780172415373731	0.7624194065099393	3577.0
weighted avg	0.8454922057756793	0.8347777467151244	0.8266183285025183	3577.0
