	precision	recall	f1-score	support
0	0.6907216494845361	0.6528623629719854	0.6712586098935505	821.0
1	0.7544224765868887	0.5928045789043336	0.6639194139194139	1223.0
2	0.8816909975669099	0.9724924521972492	0.924868400063806	2981.0
accuracy	0.8278606965174129	0.8278606965174129	0.8278606965174129	0.8278606965174129
macro avg	0.7756117078794449	0.7393864646911895	0.7533488079589236	5025.0
weighted avg	0.8195148312118461	0.8278606965174129	0.819922281101742	5025.0
