	precision	recall	f1-score	support
0	0.6657142857142857	0.8514007308160779	0.7471940138963121	821.0
1	0.7590486039296794	0.6001635322976288	0.6703196347031963	1223.0
2	0.9281914893617021	0.9365984568936598	0.9323760227082984	2981.0
accuracy	0.8407960199004975	0.8407960199004975	0.8407960199004975	0.8407960199004975
macro avg	0.7843181263352225	0.7960542400024555	0.7832965571026023	5025.0
weighted avg	0.8441406370078925	0.8407960199004975	0.8383403228545909	5025.0
