	precision	recall	f1-score	support
0	0.6853396901072706	0.7003654080389768	0.6927710843373495	821.0
1	0.652542372881356	0.6295993458708095	0.6408655846858093	1223.0
2	0.917831004657352	0.9255283461925529	0.9216636044763654	2981.0
accuracy	0.8167164179104478	0.8167164179104478	0.8167164179104478	0.8167164179104478
macro avg	0.7519043558819929	0.7518310333674464	0.7517667578331748	5025.0
weighted avg	0.8152790910438873	0.8167164179104478	0.8159249502996525	5025.0
