	precision	recall	f1-score	support
0	0.6530343007915568	0.8653846153846154	0.7443609022556391	572.0
1	0.8190298507462687	0.5110593713620489	0.6293906810035843	859.0
2	0.903197547087166	0.9608574091332712	0.9311356965454956	2146.0
accuracy	0.837573385518591	0.837573385518591	0.837573385518591	0.837573385518591
macro avg	0.7917538995416639	0.7791004652933119	0.7682957599349063	3577.0
weighted avg	0.8429813245437163	0.837573385518591	0.8288057690407991	3577.0
