	precision	recall	f1-score	support
0	0.7066473988439307	0.5956151035322778	0.6463978849966954	821.0
1	0.67430441898527	0.6737530662305805	0.6740286298568507	1223.0
2	0.9042108646737383	0.9436430727943643	0.9235062376887722	2981.0
accuracy	0.8210945273631841	0.8210945273631841	0.8210945273631841	0.8210945273631841
macro avg	0.7617208941676464	0.7376704141857409	0.7479775841807728	5025.0
weighted avg	0.8159769963108987	0.8210945273631841	0.817512790536805	5025.0
