	precision	recall	f1-score	support
0	0.6746478873239437	0.5834348355663824	0.6257348138471587	821.0
1	0.671244635193133	0.6394112837285364	0.6549413735343382	1223.0
2	0.8965079365079365	0.9473331096947333	0.9212200293589952	2981.0
accuracy	0.8129353233830846	0.8129353233830846	0.8129353233830846	0.8129353233830846
macro avg	0.7474668196750045	0.723393076329884	0.733965405580164	5025.0
weighted avg	0.8054344802118046	0.8129353233830846	0.8081350227900851	5025.0
