	precision	recall	f1-score	support
0	0.6610956360259982	0.8672350791717418	0.7502634351949421	821.0
1	0.8785714285714286	0.5028618152085037	0.639625585023401	1223.0
2	0.8937807881773399	0.9738342837973835	0.9320918285439075	2981.0
accuracy	0.8417910447761194	0.8417910447761194	0.8417910447761194	0.8417910447761194
macro avg	0.8111492842582555	0.7813103927258763	0.7739936162540836	5025.0
weighted avg	0.8520622694282292	0.8417910447761194	0.8312028082921502	5025.0
