	precision	recall	f1-score	support
0	0.0	0.0	0.0	821.0
1	0.48672566371681414	0.8544562551103843	0.6201780415430266	1223.0
2	0.9252953439888811	0.8933243877893324	0.9090288445127155	2981.0
accuracy	0.7379104477611941	0.7379104477611941	0.7379104477611941	0.7379104477611941
macro avg	0.4706736692352318	0.5825935476332389	0.5097356286852474	5025.0
weighted avg	0.6673772949565211	0.7379104477611941	0.6902075085173187	5025.0
