	precision	recall	f1-score	support
0	0.6763540290620872	0.6236297198538368	0.6489226869455006	821.0
1	0.6701954397394136	0.6729354047424366	0.67156262749898	1223.0
2	0.9190789473684211	0.9372693726937269	0.9280850357083541	2981.0
accuracy	0.8216915422885572	0.8216915422885572	0.8216915422885572	0.8216915422885572
macro avg	0.7552094720566407	0.7446114990966667	0.7495234500509449	5025.0
weighted avg	0.8188477657246845	0.8216915422885572	0.8200414150965398	5025.0
