	precision	recall	f1-score	support
0	0.6569037656903766	0.5736906211936662	0.6124837451235371	821.0
1	0.6096401900882552	0.7342600163532298	0.6661721068249259	1223.0
2	0.944620811287478	0.8983562562898356	0.920907840440165	2981.0
accuracy	0.8053731343283582	0.8053731343283582	0.8053731343283582	0.8053731343283582
macro avg	0.73705492235537	0.7354356312789107	0.733187897462876	5025.0
weighted avg	0.8160840960313843	0.8053731343283582	0.8085181917901374	5025.0
