	precision	recall	f1-score	support
0	0.6510869565217391	0.7295980511571255	0.688110281447444	821.0
1	0.6924510717614166	0.6075224856909239	0.6472125435540069	1223.0
2	0.9185356200527705	0.934250251593425	0.9263262930317644	2981.0
accuracy	0.8212935323383085	0.8212935323383085	0.8212935323383085	0.8212935323383085
macro avg	0.7540245494453087	0.7571235961471582	0.7538830393444051	5025.0
weighted avg	0.8198138777006704	0.8212935323383085	0.81947426096768	5025.0
