	precision	recall	f1-score	support
0	0.6514161220043573	0.728380024360536	0.6877515813686026	821.0
1	0.6802374893977947	0.6557645134914145	0.6677768526228143	1223.0
2	0.9368169398907104	0.9201610197920161	0.9284142832966661	2981.0
accuracy	0.8244776119402986	0.8244776119402986	0.8244776119402986	0.8244776119402986
macro avg	0.756156850430954	0.7681018525479889	0.7613142390960276	5025.0
weighted avg	0.82774017582354	0.8244776119402986	0.8256593268793406	5025.0
