	precision	recall	f1-score	support
0	0.6167097329888027	0.8721071863580999	0.7225025227043391	821.0
1	0.56118754525706	0.633687653311529	0.5952380952380952	1223.0
2	0.9689891260571889	0.8071117074807111	0.8806734992679356	2981.0
accuracy	0.7755223880597015	0.7755223880597015	0.7755223880597015	0.7755223880597015
macro avg	0.7156288014343506	0.7709688490501133	0.73280470573679	5025.0
weighted avg	0.8121806255541635	0.7755223880597015	0.7853608881461032	5025.0
