	dccuchile/bert-base-spanish-wwm-uncased	dccuchile/bert-base-spanish-wwm-cased	xlm-roberta-base	bert-base-multilingual-uncased	bert-base-multilingual-cased
f1	0.7232736572890025	0.732423924449108	0.7394695787831512	0.7407407407407408	0.7404699738903394
accuracy	0.8278606965174129	0.8318407960199005	0.8344278606965174	0.8362189054726368	0.8372139303482588
precision	0.6234567901234568	0.6433179723502304	0.6451905626134301	0.641139804096171	0.6480804387568556
recall	0.8611449451887941	0.8501827040194885	0.8660170523751523	0.876979293544458	0.8635809987819733
