	precision	recall	f1-score	support
0	0.6320474777448071	0.7783191230207065	0.6975982532751092	821.0
1	0.7137216189536032	0.5911692559280458	0.646690518783542	1223.0
2	0.9246917694101966	0.9308956725930896	0.9277833500501504	2981.0
accuracy	0.8232835820895522	0.8232835820895522	0.8232835820895522	0.8232835820895522
macro avg	0.756820288702869	0.7667946838472807	0.7573573740362672	5025.0
weighted avg	0.8255320763821969	0.8232835820895522	0.8217617585891811	5025.0
