	precision	recall	f1-score	support
0	0.5220125786163522	0.9098660170523751	0.6634103019538188	821.0
1	0.6807131280388979	0.34341782502044155	0.45652173913043487	1223.0
2	0.9237487403426268	0.922509225092251	0.9231285666330984	2981.0
accuracy	0.7795024875621891	0.7795024875621891	0.7795024875621891	0.7795024875621891
macro avg	0.708824815665959	0.7252643557216892	0.6810202025724507	5025.0
weighted avg	0.7989610900690484	0.7795024875621891	0.7671307864664424	5025.0
