	precision	recall	f1-score	support
0	0.6331255565449688	0.8660170523751523	0.7314814814814815	821.0
1	0.8642533936651584	0.46852003270645953	0.6076352067868505	1223.0
2	0.894720592775548	0.9721569942972157	0.9318327974276527	2981.0
accuracy	0.8322388059701492	0.8322388059701492	0.8322388059701492	0.8322388059701492
macro avg	0.7973665143285585	0.7688980264596091	0.7569831618986615	5025.0
weighted avg	0.8445651879482223	0.8322388059701492	0.8201945718066561	5025.0
