	precision	recall	f1-score	support
0	0.6647116324535679	0.8282582216808769	0.737527114967462	821.0
1	0.7976047904191617	0.544562551103843	0.6472303206997084	1223.0
2	0.902115566782444	0.9584032203958404	0.9294079375406636	2981.0
accuracy	0.8364179104477611	0.8364179104477611	0.8364179104477611	0.8364179104477611
macro avg	0.7881439965517245	0.7770746643935201	0.7713884577359447	5025.0
weighted avg	0.8378916245782049	0.8364179104477611	0.8293805980920891	5025.0
