	precision	recall	f1-score	support
0	0.6762820512820513	0.7710109622411693	0.7205463858850313	821.0
1	0.7329545454545454	0.6328699918233851	0.6792452830188679	1223.0
2	0.921529838443785	0.9376048305937604	0.9294978383771201	2981.0
accuracy	0.8362189054726368	0.8362189054726368	0.8362189054726368	0.8362189054726368
macro avg	0.7769221450601272	0.7804952615527716	0.7764298357603397	5025.0
weighted avg	0.8355644620088352	0.8362189054726368	0.8344514666956978	5025.0
