	precision	recall	f1-score	support
0	0.6347517730496454	0.8721071863580999	0.7347357619291944	821.0
1	0.7867902665121669	0.5551921504497138	0.6510067114093959	1223.0
2	0.92089650626236	0.9372693726937269	0.9290108063175395	2981.0
accuracy	0.8336318407960199	0.8336318407960199	0.8336318407960199	0.8336318407960199
macro avg	0.7808128486080573	0.7881895698338468	0.7715844265520433	5025.0
weighted avg	0.8415061068231312	0.8336318407960199	0.8296080561652032	5025.0
