	precision	recall	f1-score	support
0	0.6921373200442967	0.761266747868453	0.7250580046403712	821.0
1	0.835820895522388	0.41210139002452983	0.5520262869660459	1223.0
2	0.8385905086672351	0.9899362629989936	0.9079999999999999	2981.0
accuracy	0.8119402985074626	0.8119402985074626	0.8119402985074626	0.8119402985074626
macro avg	0.7888495747446399	0.7211014669639922	0.7283614305354723	5025.0
weighted avg	0.8139884579735873	0.8119402985074626	0.7914723921928793	5025.0
