	precision	recall	f1-score	support
0	0.6513859275053305	0.7442143727161997	0.694712905059693	821.0
1	0.7506142506142506	0.49959116925592806	0.5999018163966617	1223.0
2	0.8790100824931256	0.9651123783965112	0.9200511672529581	2981.0
accuracy	0.8157213930348258	0.8157213930348258	0.8157213930348258	0.8157213930348258
macro avg	0.7603367535375689	0.7363059734562128	0.7382219629031043	5025.0
weighted avg	0.8105707723174352	0.8157213930348258	0.8053157703658096	5025.0
