	precision	recall	f1-score	support
0	0.6679802955665025	0.8258221680876979	0.738562091503268	821.0
1	0.7158203125	0.5993458708094849	0.6524254561637738	1223.0
2	0.9266577361018085	0.9282120093928212	0.9274342215518686	2981.0
accuracy	0.8314427860696517	0.8314427860696517	0.8314427860696517	0.8314427860696517
macro avg	0.770152781389437	0.784460016096668	0.7728072564063035	5025.0
weighted avg	0.8330799554561373	0.8314427860696517	0.8296432287479799	5025.0
