	dccuchile/bert-base-spanish-wwm-uncased	dccuchile/bert-base-spanish-wwm-cased	xlm-roberta-base	bert-base-multilingual-uncased	bert-base-multilingual-cased
0	0.7941534713763703	0.8380024360535931	0.8221680876979294	0.8672350791717418	0.8282582216808769
1	0.8660170523751523	0.833130328867235	0.8708891595615104	0.8587088915956151	0.8477466504263094
2	0.856272838002436	0.8026796589524969	0.8660170523751523	0.8781973203410475	0.8781973203410475
3	0.8380024360535931	0.7953714981729598	0.7965895249695494	0.8343483556638246	0.8453105968331304
4	0.8453105968331304	0.8367844092570037	0.8526187576126675	0.879415347137637	0.830694275274056
