	dccuchile/bert-base-spanish-wwm-uncased	dccuchile/bert-base-spanish-wwm-cased	xlm-roberta-base	bert-base-multilingual-uncased	bert-base-multilingual-cased
0	0.7192498621070049	0.7358288770053475	0.7356948228882834	0.7502634351949421	0.737527114967462
1	0.7314814814814815	0.719242902208202	0.7363542739443872	0.7417148869016308	0.7365079365079364
2	0.7217659137577002	0.7143631436314363	0.7375518672199171	0.7402464065708418	0.7387295081967213
3	0.722689075630252	0.7235457063711911	0.7335950644980371	0.7373519913885899	0.7351694915254238
4	0.7132579650565263	0.7343666488508819	0.7403490216816498	0.7435633367662203	0.7365010799136069
