	dccuchile/bert-base-spanish-wwm-uncased	dccuchile/bert-base-spanish-wwm-cased	xlm-roberta-base	bert-base-multilingual-uncased	bert-base-multilingual-cased
0	0.832636815920398	0.8334328358208956	0.8240796019900497	0.8417910447761194	0.8364179104477611
1	0.8322388059701492	0.828457711442786	0.8320398009950248	0.8380099502487562	0.8372139303482588
2	0.8149253731343283	0.8216915422885572	0.8346268656716418	0.8320398009950248	0.8378109452736319
3	0.8278606965174129	0.8262686567164179	0.8155223880597015	0.8388059701492537	0.8298507462686567
4	0.8238805970149253	0.8324378109452736	0.8374129353233831	0.83681592039801	0.8274626865671642
