	dccuchile/bert-base-spanish-wwm-uncased	dccuchile/bert-base-spanish-wwm-cased	xlm-roberta-base	bert-base-multilingual-uncased	bert-base-multilingual-cased
0	0.657258064516129	0.655862726406101	0.665680473372781	0.6610956360259982	0.6647116324535679
1	0.6331255565449688	0.6327474560592045	0.6378233719892953	0.6527777777777778	0.6510757717492984
2	0.6237799467613132	0.6435546875	0.6422764227642277	0.639751552795031	0.6374889478337754
3	0.6352723915050785	0.6636178861788617	0.6798336798336798	0.660559305689489	0.6504217432052484
4	0.6168888888888889	0.6542857142857142	0.6542056074766355	0.6440677966101694	0.6614936954413191
