	dev_accuracy	f1	precision	recall	dev_f1	dev_precision	dev_recall
0	0.8000395569620253				0.573763038897067	0.6748342374924653	0.542446161433503
1							
2							
3							
4							
5							
6							
7							
8							
9							
