	dev_accuracy	dev_f1	dev_precision	dev_recall
0	0.7958860759493671	[0.67525164]	[0.59005179]	[0.83959646]
1				
2				
3				
4				
5				
6				
7				
8				
9				
