	precision	recall	f1-score	support
0	0.6771653543307087	0.7332521315468941	0.704093567251462	821.0
1	0.6921783010933558	0.6729354047424366	0.6824212271973465	1223.0
2	0.9341703427214116	0.9235155987923516	0.9288124156545209	2981.0
accuracy	0.8314427860696517	0.8314427860696517	0.8314427860696517	0.8314427860696517
macro avg	0.7678379993818254	0.776567711693894	0.7717757367011098	5025.0
weighted avg	0.8332833054318834	0.8314427860696517	0.8321297095804838	5025.0
