	precision	recall	f1-score	support
0	0.6709741550695825	0.8221680876979294	0.7389162561576355	821.0
1	0.7015755329008341	0.6189697465249386	0.6576889661164205	1223.0
2	0.930952380952381	0.9181482723918148	0.9245059956088499	2981.0
accuracy	0.8296517412935324	0.8296517412935324	0.8296517412935324	0.8296517412935324
macro avg	0.7678340229742657	0.7864287022048942	0.7737037392943019	5025.0
weighted avg	0.832649891675402	0.8296517412935324	0.8292450198558771	5025.0
