	precision	recall	f1-score	support
0	0.6357214934409687	0.7673568818514007	0.695364238410596	821.0
1	0.6951219512195121	0.6058871627146362	0.6474442988204455	1223.0
2	0.9292452830188679	0.9251928882925193	0.9272146579257017	2981.0
accuracy	0.8216915422885572	0.8216915422885572	0.8216915422885572	0.8216915422885572
macro avg	0.7533629092264497	0.7661456442861855	0.7566743983855811	5025.0
weighted avg	0.8243068022160684	0.8216915422885572	0.8212428482525415	5025.0
