	precision	recall	f1-score	support
0	0.703030303030303	0.5651644336175395	0.6266036461850101	821.0
1	0.6765432098765433	0.6721177432542927	0.6743232157506153	1223.0
2	0.9015873015873016	0.95270043609527	0.9264394062958733	2981.0
accuracy	0.8210945273631841	0.8210945273631841	0.8210945273631841	0.8210945273631841
macro avg	0.760386938164716	0.7299942043223675	0.7424554227438329	5025.0
weighted avg	0.8143745214922661	0.8210945273631841	0.8160904988157002	5025.0
