	precision	recall	f1-score	support
0	0.6562942008486563	0.8111888111888111	0.72556684910086	572.0
1	0.7926605504587156	0.5029103608847497	0.6153846153846154	859.0
2	0.8903225806451613	0.9645852749301025	0.9259673451129502	2146.0
accuracy	0.8291864691081913	0.8291864691081913	0.8291864691081913	0.8291864691081913
macro avg	0.7797591106508444	0.7595614823345546	0.7556396031994752	3577.0
weighted avg	0.82944589147162	0.8291864691081913	0.8193361881223001	3577.0
