	precision	recall	f1-score	support
0	0.6515986769570011	0.7198538367844093	0.6840277777777778	821.0
1	0.7021466905187835	0.6418642681929682	0.6706535668517728	1223.0
2	0.9266666666666666	0.9325729620932574	0.9296104330379534	2981.0
accuracy	0.8270646766169154	0.8270646766169154	0.8270646766169154	0.8270646766169154
macro avg	0.7601373447141504	0.7647636890235449	0.7614305925558346	5025.0
weighted avg	0.8270808456954235	0.8270646766169154	0.8264606604380921	5025.0
