	precision	recall	f1-score	support
0	0.6732429099876696	0.6650426309378806	0.6691176470588236	821.0
1	0.6462785556374355	0.7170891251022077	0.6798449612403101	1223.0
2	0.9380469023451172	0.8990271720899027	0.9181226447413497	2981.0
accuracy	0.8165174129353234	0.8165174129353234	0.8165174129353234	0.8165174129353234
macro avg	0.7525227893234074	0.7603863093766637	0.7556950843468279	5025.0
weighted avg	0.8237709290617423	0.8165174129353234	0.8194466825484888	5025.0
