	precision	recall	f1-score	support
0	0.6039119804400978	0.902557856272838	0.7236328124999999	821.0
1	0.8302180685358256	0.4358135731807032	0.5715817694369973	1223.0
2	0.9046261089987325	0.9577323045957732	0.930422030307968	2981.0
accuracy	0.8216915422885572	0.8216915422885572	0.8216915422885572	0.8216915422885572
macro avg	0.779585385991552	0.7653679113497714	0.7418788707483218	5025.0
weighted avg	0.8373848486937029	0.8216915422885572	0.8093005204839802	5025.0
