	precision	recall	f1-score	support
0	0.6365384615384615	0.8063337393422655	0.7114454594304137	821.0
1	0.787716955941255	0.48242027800490594	0.5983772819472617	1223.0
2	0.8930778739184178	0.9694733310969473	0.9297088627955606	2981.0
accuracy	0.8242786069651741	0.8242786069651741	0.8242786069651741	0.8242786069651741
macro avg	0.7724444304660448	0.7527424494813729	0.746510534724412	5025.0
weighted avg	0.8255206081970219	0.8242786069651741	0.8134078125387934	5025.0
