	precision	recall	f1-score	support
0	0.6606606606606606	0.8038976857490865	0.7252747252747254	821.0
1	0.7313278008298755	0.5764513491414555	0.644718792866941	1223.0
2	0.9085564990202482	0.9332438778933244	0.920734734403442	2981.0
accuracy	0.825273631840796	0.825273631840796	0.825273631840796	0.825273631840796
macro avg	0.7668483201702614	0.771197637594622	0.7635760841817029	5025.0
weighted avg	0.8249200450540696	0.825273631840796	0.8216222639569113	5025.0
