	precision	recall	f1-score	support
0	0.6819371727748691	0.6345919610231425	0.6574132492113565	821.0
1	0.6829477292202228	0.651676206050695	0.6669456066945607	1223.0
2	0.907563025210084	0.9419657832941966	0.9244444444444444	2981.0
accuracy	0.8210945273631841	0.8210945273631841	0.8210945273631841	0.8210945273631841
macro avg	0.7574826424017252	0.7427446501226781	0.7496011001167872	5025.0
weighted avg	0.8160320138976639	0.8210945273631841	0.8181452026823602	5025.0
