	precision	recall	f1-score	support
0	0.6614936954413191	0.830694275274056	0.7365010799136069	821.0
1	0.8413391557496361	0.47260834014717906	0.6052356020942409	1223.0
2	0.8763229513153916	0.9721569942972157	0.9217557251908397	2981.0
accuracy	0.8274626865671642	0.8274626865671642	0.8274626865671642	0.8274626865671642
macro avg	0.7930519341687822	0.7584865365728168	0.7544974690662292	5025.0
weighted avg	0.8327090207582707	0.8274626865671642	0.8144526059232281	5025.0
