	precision	recall	f1-score	support
0	0.6289445048966268	0.7040194884287454	0.664367816091954	821.0
1	0.7077577045696068	0.544562551103843	0.6155268022181146	1223.0
2	0.8966824644549763	0.9520295202952029	0.9235274975593882	2981.0
accuracy	0.8123383084577115	0.8123383084577115	0.8123383084577115	0.8123383084577115
macro avg	0.7444615579737367	0.7335371866092638	0.7344740386231523	5025.0
weighted avg	0.8069575199500586	0.8123383084577115	0.8062230301191611	5025.0
