	precision	recall	f1-score	support
0	0.6811902231668437	0.7807551766138855	0.7275822928490351	821.0
1	0.8214731585518102	0.5380212591986917	0.650197628458498	1223.0
2	0.883033810539141	0.9724924521972492	0.9256066411238825	2981.0
accuracy	0.8354228855721393	0.8354228855721393	0.8354228855721393	0.8354228855721393
macro avg	0.795232397419265	0.7637562960032755	0.767795520810472	5025.0
weighted avg	0.8350731612628899	0.8354228855721393	0.8262229172585263	5025.0
