	precision	recall	f1-score	support
0	0.6348061316501352	0.8574908647990256	0.7295336787564767	821.0
1	0.7031963470319634	0.6295993458708095	0.6643658326143226	1223.0
2	0.945763913505849	0.8950016772895002	0.9196828679765597	2981.0
accuracy	0.8242786069651741	0.8242786069651741	0.8242786069651741	0.8242786069651741
macro avg	0.7612554640626493	0.7940306293197784	0.7711941264491197	5025.0
weighted avg	0.8359218293862265	0.8242786069651741	0.8264758593003997	5025.0
