	precision	recall	f1-score	support
0	0.6440677966101694	0.879415347137637	0.7435633367662203	821.0
1	0.8501362397820164	0.5102207686017989	0.6377107818088912	1223.0
2	0.9018927444794953	0.9590741361959074	0.9296049422858073	2981.0
accuracy	0.83681592039801	0.83681592039801	0.83681592039801	0.83681592039801
macro avg	0.798698926957227	0.7829034173117811	0.770293020286973	5025.0
weighted avg	0.8471718514554688	0.83681592039801	0.8281667897694193	5025.0
