	precision	recall	f1-score	support
0	0.6194467728415759	0.9001218026796589	0.733862959285005	821.0
1	0.7615112160566706	0.5273916598528209	0.6231884057971014	1223.0
2	0.9279731993299832	0.9292183830929218	0.9285953737847804	2981.0
accuracy	0.8266666666666667	0.8266666666666667	0.8266666666666667	0.8266666666666667
macro avg	0.76964372940941	0.7855772818751339	0.7618822462889624	5025.0
weighted avg	0.8370511691428699	0.8266666666666667	0.8224485013164725	5025.0
