	precision	recall	f1-score	support
0	0.660559305689489	0.8343483556638246	0.7373519913885899	821.0
1	0.8195302843016069	0.5421095666394112	0.6525590551181102	1223.0
2	0.9018559295375904	0.9617577993961758	0.9308441558441558	2981.0
accuracy	0.8388059701492537	0.8388059701492537	0.8388059701492537	0.8388059701492537
macro avg	0.7939818398428954	0.7794052405664705	0.7735850674502852	5025.0
weighted avg	0.842395473357909	0.8388059701492537	0.8315009229673451	5025.0
