	precision	recall	f1-score	support
0	0.6589716684155299	0.7649208282582217	0.7080045095828637	821.0
1	0.7266811279826464	0.5478331970564186	0.6247086247086248	1223.0
2	0.8996825396825396	0.9506876886950688	0.9244821399445441	2981.0
accuracy	0.8222885572139303	0.8222885572139303	0.8222885572139303	0.8222885572139303
macro avg	0.7617784453602386	0.7544805713365698	0.7523984247453441	5025.0
weighted avg	0.8182488378279756	0.8222885572139303	0.8161535541414655	5025.0
