	precision	recall	f1-score	support
0	0.6192937123169682	0.8757612667478685	0.7255297679112008	821.0
1	0.676200204290092	0.5412919051512673	0.6012715712988193	1223.0
2	0.9341421143847487	0.9040590405904059	0.9188544152744629	2981.0
accuracy	0.8111442786069651	0.8111442786069651	0.8111442786069651	0.8111442786069651
macro avg	0.7432120103306029	0.7737040708298473	0.7485519181614944	5025.0
weighted avg	0.819922513560189	0.8111442786069651	0.8099741458879056	5025.0
