	precision	recall	f1-score	support
0	0.7402826855123675	0.510353227771011	0.6041816870944484	821.0
1	0.6444610778443114	0.7040065412919051	0.6729191090269637	1223.0
2	0.9087415946205571	0.9520295202952029	0.9298820445609436	2981.0
accuracy	0.819502487562189	0.819502487562189	0.819502487562189	0.819502487562189
macro avg	0.7644951193257454	0.7221297631193729	0.7356609468941185	5025.0
weighted avg	0.8168968510593289	0.819502487562189	0.8141276836379486	5025.0
