	precision	recall	f1-score	support
0	0.6168888888888889	0.8453105968331304	0.7132579650565263	821.0
1	0.7975376196990424	0.4766966475878986	0.5967246673490276	1223.0
2	0.9034395708425371	0.9604159677960415	0.9310569105691058	2981.0
accuracy	0.8238805970149253	0.8238805970149253	0.8238805970149253	0.8238805970149253
macro avg	0.7726220264768228	0.7608077374056901	0.7470131809915532	5025.0
weighted avg	0.8308472930052359	0.8238805970149253	0.814101434405129	5025.0
