	precision	recall	f1-score	support
0	0.6318537859007833	0.8461538461538461	0.7234678624813156	572.0
1	0.8079847908745247	0.4947613504074505	0.6137184115523465	859.0
2	0.8984682713347921	0.956663560111836	0.9266531257052585	2146.0
accuracy	0.8280682135868046	0.8280682135868046	0.8280682135868046	0.8280682135868046
macro avg	0.7794356160367001	0.7658595855577109	0.7546131332463069	3577.0
weighted avg	0.8341046159298096	0.8280682135868046	0.8190118369097743	3577.0
