	precision	recall	f1-score	support
0	0.6206554121151936	0.761266747868453	0.6838074398249453	821.0
1	0.6712079927338783	0.6042518397383483	0.6359724612736661	1223.0
2	0.9317792252314021	0.9117745722911774	0.9216683621566633	2981.0
accuracy	0.8123383084577115	0.8123383084577115	0.8123383084577115	0.8123383084577115
macro avg	0.7412142100268246	0.7590977199659928	0.7471494210850915	5025.0
weighted avg	0.8175282266417745	0.8123383084577115	0.8132723613578084	5025.0
