	precision	recall	f1-score	support
0	0.6232876712328768	0.8867235079171741	0.7320261437908497	821.0
1	0.7738636363636363	0.5568274734260016	0.6476462196861625	1223.0
2	0.928451461202553	0.9272056356927205	0.9278281302450487	2981.0
accuracy	0.8304477611940299	0.8304477611940299	0.8304477611940299	0.8304477611940299
macro avg	0.775200922933022	0.7902522056786321	0.7691668312406871	5025.0
weighted avg	0.8409687982487024	0.8304477611940299	0.8276458600973045	5025.0
