	precision	recall	f1-score	support
0	0.6798336798336798	0.7965895249695494	0.7335950644980371	821.0
1	0.7460526315789474	0.46361406377759606	0.5718608169440242	1223.0
2	0.8710263396911898	0.9651123783965112	0.9156588160407385	2981.0
accuracy	0.8155223880597015	0.8155223880597015	0.8155223880597015	0.8155223880597015
macro avg	0.765637550367939	0.7417719890478857	0.7403715658276	5025.0
weighted avg	0.8093722066037692	0.8155223880597015	0.8022380612324123	5025.0
