	precision	recall	f1-score	support
0	0.6502564102564102	0.7722289890377588	0.7060133630289532	821.0
1	0.7191650853889943	0.6197874080130826	0.665788317962231	1223.0
2	0.927570093457944	0.9322375041932237	0.9298979421114272	2981.0
accuracy	0.8300497512437811	0.8300497512437811	0.8300497512437811	0.8300497512437811
macro avg	0.7656638630344496	0.7747513004146884	0.7672332077008704	5025.0
weighted avg	0.8315394747958972	0.8300497512437811	0.8290391739997499	5025.0
