	precision	recall	f1-score	support
0	0.6954314720812182	0.6674786845310596	0.6811684275947794	821.0
1	0.6915641476274165	0.6434995911692559	0.6666666666666666	1223.0
2	0.9102936431106808	0.9463267359946327	0.9279605263157895	2981.0
accuracy	0.8270646766169154	0.8270646766169154	0.8270646766169154	0.8270646766169154
macro avg	0.7657630876064386	0.7524350038983161	0.7585985401924118	5025.0
weighted avg	0.8219537395502389	0.8270646766169154	0.8240443664350279	5025.0
