	precision	recall	f1-score	support
0	0.6922094508301405	0.6601705237515225	0.6758104738154614	821.0
1	0.7084520417853751	0.6099754701553557	0.6555360281195078	1223.0
2	0.8999686422075885	0.9627641730962764	0.9303079416531604	2981.0
accuracy	0.8274626865671642	0.8274626865671642	0.8274626865671642	0.8274626865671642
macro avg	0.7668767116077014	0.7443033890010516	0.7538848145293766	5025.0
weighted avg	0.8194124037126131	0.8274626865671642	0.8218525244697957	5025.0
