	precision	recall	f1-score	support
0	0.606694560669456	0.8830694275274056	0.7192460317460317	821.0
1	0.6955017301038062	0.49304987735077677	0.5770334928229666	1223.0
2	0.9257509281133985	0.9201610197920161	0.9229475100942127	2981.0
accuracy	0.8101492537313433	0.8101492537313433	0.8101492537313433	0.8101492537313433
macro avg	0.7426490729622203	0.7654267748900662	0.739742344887737	5025.0
weighted avg	0.8175837546134567	0.8101492537313433	0.8054765137068315	5025.0
