	precision	recall	f1-score	support
0	0.6158333333333333	0.9001218026796589	0.731321128154379	821.0
1	0.7271863117870723	0.6255110384300899	0.6725274725274726	1223.0
2	0.9574468085106383	0.8906407245890641	0.9228362877997914	2981.0
accuracy	0.8276616915422885	0.8276616915422885	0.8276616915422885	0.8276616915422885
macro avg	0.766822151210348	0.8054245218996043	0.7755616294938811	5025.0
weighted avg	0.8455914352542228	0.8276616915422885	0.8306250187158254	5025.0
