	precision	recall	f1-score	support
0	0.704225352112676	0.6699147381242387	0.686641697877653	821.0
1	0.7044079515989629	0.6663941128372853	0.6848739495798319	1223.0
2	0.9102688694525429	0.9426366990942636	0.9261700725115359	2981.0
accuracy	0.8308457711442786	0.8308457711442786	0.8308457711442786	0.8308457711442786
macro avg	0.7729673910547273	0.7596485166852626	0.7658952399896736	5025.0
weighted avg	0.826501778851357	0.8308457711442786	0.8283077931244928	5025.0
