	precision	recall	f1-score	support
0	0.6782945736434108	0.6394640682095006	0.658307210031348	821.0
1	0.6776491540516474	0.6222403924775143	0.6487638533674338	1223.0
2	0.8964194373401535	0.9406239516940624	0.9179898510394501	2981.0
accuracy	0.8139303482587065	0.8139303482587065	0.8139303482587065	0.8139303482587065
macro avg	0.750787721678404	0.7341094707936925	0.7416869714794107	5025.0
weighted avg	0.8075365379258512	0.8139303482587065	0.8100370463786485	5025.0
