	precision	recall	f1-score	support
0	0.6682170542635659	0.5249695493300852	0.5879945429740792	821.0
1	0.6292719167904903	0.6925592804578904	0.659400544959128	1223.0
2	0.914963744232037	0.9312311304931231	0.9230257689110557	2981.0
accuracy	0.8067661691542288	0.8067661691542288	0.8067661691542288	0.8067661691542288
macro avg	0.7374842384286978	0.7162533200936996	0.7234736189480877	5025.0
weighted avg	0.8051169507145989	0.8067661691542288	0.8041254136100676	5025.0
