	precision	recall	f1-score	support
0	0.6366492146596858	0.7405602923264312	0.6846846846846846	821.0
1	0.6669421487603305	0.659852820932134	0.6633785450061651	1223.0
2	0.9405594405594405	0.9023817510902382	0.9210751583632939	2981.0
accuracy	0.8169154228855722	0.8169154228855722	0.8169154228855722	0.8169154228855722
macro avg	0.7480502679931522	0.7675982881162677	0.7563794626847145	5025.0
weighted avg	0.8243118299457071	0.8169154228855722	0.8197339569651036	5025.0
