	precision	recall	f1-score	support
0	0.6595744680851063	0.7551766138855055	0.7041453719477568	821.0
1	0.7240356083086054	0.598528209321341	0.6553267681289168	1223.0
2	0.9124918672739102	0.940959409594096	0.9265070189925682	2981.0
accuracy	0.8272636815920398	0.8272636815920398	0.8272636815920398	0.8272636815920398
macro avg	0.765367314555874	0.7648880776003142	0.7619930530230805	5025.0
weighted avg	0.8253023768363827	0.8272636815920398	0.824176201275148	5025.0
