	precision	recall	f1-score	support
0	0.6820512820512821	0.6479902557856273	0.6645846346033729	821.0
1	0.6804635761589404	0.6721177432542927	0.6762649115590292	1223.0
2	0.9206453737240698	0.9379402884937941	0.9292123629112664	2981.0
accuracy	0.8258706467661692	0.8258706467661692	0.8258706467661692	0.8258706467661692
macro avg	0.7610534106447641	0.7526827625112381	0.7566873030245561	5025.0
weighted avg	0.8232069483140178	0.8258706467661692	0.8244135374496611	5025.0
