	precision	recall	f1-score	support
0	0.6780383795309168	0.7746650426309378	0.7231381466742467	821.0
1	0.7706806282722513	0.6017988552739166	0.6758494031221305	1223.0
2	0.9102809706257982	0.9563904729956391	0.9327662358907247	2981.0
accuracy	0.8403980099502487	0.8403980099502487	0.8403980099502487	0.8403980099502487
macro avg	0.7863333261429887	0.7776181236334979	0.7772512618957007	5025.0
weighted avg	0.8383600977925076	0.8403980099502487	0.8359873408215269	5025.0
