	precision	recall	f1-score	support
0	0.6759358288770053	0.7697929354445798	0.7198177676537585	821.0
1	0.718491260349586	0.6385936222403925	0.6761904761904762	1223.0
2	0.9250749250749251	0.9319020462931902	0.9284759358288769	2981.0
accuracy	0.8340298507462687	0.8340298507462687	0.8340298507462687	0.8340298507462687
macro avg	0.7731673381005054	0.7800962013260543	0.7748280598910372	5025.0
weighted avg	0.8340908415052569	0.8340298507462687	0.8329827073294668	5025.0
