	precision	recall	f1-score	support
0	0.655862726406101	0.8380024360535931	0.7358288770053475	821.0
1	0.7717889908256881	0.5502861815208504	0.6424821002386636	1223.0
2	0.9107603092783505	0.948339483394834	0.9291700903861956	2981.0
accuracy	0.8334328358208956	0.8334328358208956	0.8334328358208956	0.8334328358208956
macro avg	0.7794706755033799	0.7788760336564259	0.7691603558767355	5025.0
weighted avg	0.8352910877846742	0.8334328358208956	0.8278063992148309	5025.0
