	dev_accuracy	dev_f1	dev_precision	dev_recall
0	0.8136867088607594	[0.57644573]	[0.65303647]	[0.55508795]
1				
2				
3				
4				
5				
6				
7				
8				
9				
