	precision	recall	f1-score	support
0	0.6453089244851259	0.6869671132764921	0.6654867256637168	821.0
1	0.6105188343994314	0.7023712183156173	0.6532319391634982	1223.0
2	0.9497084548104956	0.8742032874874204	0.9103930131004367	2981.0
accuracy	0.8017910447761194	0.8017910447761194	0.8017910447761194	0.8017910447761194
macro avg	0.7351787378983511	0.75451387302651	0.743037225975884	5025.0
weighted avg	0.8174217045299265	0.8017910447761194	0.8077908130187605	5025.0
