	precision	recall	f1-score	support
0	0.6275375110326566	0.8660170523751523	0.7277379733879222	821.0
1	0.7682619647355163	0.4987735077677841	0.6048587010411501	1223.0
2	0.9122014202711427	0.9480040254948005	0.9297581839118276	2981.0
accuracy	0.825273631840796	0.825273631840796	0.825273631840796	0.825273631840796
macro avg	0.7693336320131053	0.7709315285459123	0.7541182861136333	5025.0
weighted avg	0.830659724031368	0.825273631840796	0.8176764604509391	5025.0
