	precision	recall	f1-score	support
0	0.639751552795031	0.8781973203410475	0.7402464065708418	821.0
1	0.8667664670658682	0.473426001635323	0.612374405076679	1223.0
2	0.8919504643962848	0.9664542099966454	0.9277089035582032	2981.0
accuracy	0.8320398009950248	0.8320398009950248	0.8320398009950248	0.8320398009950248
macro avg	0.7994894947523946	0.772692510657672	0.7601099050685747	5025.0
weighted avg	0.8446160693396224	0.8320398009950248	0.8203336196438693	5025.0
