	precision	recall	f1-score	support
0	0.6871657754010695	0.6260657734470159	0.6551943913320587	821.0
1	0.7007233273056058	0.633687653311529	0.6655216831258051	1223.0
2	0.9016083254493851	0.9590741361959074	0.9294538361508453	2981.0
accuracy	0.8254726368159204	0.8254726368159204	0.8254726368159204	0.8254726368159204
macro avg	0.7631658093853534	0.739609187651484	0.7500566368695697	5025.0
weighted avg	0.817680029664408	0.8254726368159204	0.8204078605596317	5025.0
