	precision	recall	f1-score	support
0	0.6508152173913043	0.8374125874125874	0.7324159021406728	572.0
1	0.7433903576982893	0.5564610011641443	0.6364846870838882	859.0
2	0.9171974522292994	0.9394221808014911	0.9281767955801105	2146.0
accuracy	0.8311434162706178	0.8311434162706178	0.8311434162706178	0.8311434162706178
macro avg	0.7704676757729644	0.7777652564594076	0.7656924616015571	3577.0
weighted avg	0.8328611557435652	0.8311434162706178	0.8268240552262907	3577.0
