	precision	recall	f1-score	support
0	0.6472972972972973	0.8374125874125874	0.7301829268292683	572.0
1	0.7970749542961609	0.5075669383003493	0.620199146514936	859.0
2	0.8986899563318778	0.9589934762348555	0.9278629395852118	2146.0
accuracy	0.8311434162706178	0.8311434162706178	0.8311434162706178	0.8311434162706178
macro avg	0.7810207359751121	0.7679910006492641	0.7594150043098052	3577.0
weighted avg	0.8340872479962723	0.8311434162706178	0.82236778567306	3577.0
