	precision	recall	f1-score	support
0	0.6819371727748691	0.6345919610231425	0.6574132492113565	821.0
1	0.6316557257476295	0.7080948487326247	0.6676946800308404	1223.0
2	0.9359861591695502	0.9074136195907414	0.9214784534150912	2981.0
accuracy	0.8143283582089552	0.8143283582089552	0.8143283582089552	0.8143283582089552
macro avg	0.7498596858973495	0.7500334764488362	0.7488621275524294	5025.0
weighted avg	0.8204099725217806	0.8143283582089552	0.8165679882409211	5025.0
