	precision	recall	f1-score	support
0	0.6756756756756757	0.6394640682095006	0.6570713391739674	821.0
1	0.7085661080074488	0.6222403924775143	0.6626033957335654	1223.0
2	0.9004410838059231	0.9587386782958739	0.9286758732737612	2981.0
accuracy	0.8246766169154229	0.8246766169154229	0.8246766169154229	0.8246766169154229
macro avg	0.7615609558296826	0.7401477129942963	0.7494502027270981	5025.0
weighted avg	0.8170190946563773	0.8246766169154229	0.8195427464025989	5025.0
