	precision	recall	f1-score	support
0	0.6690946930280958	0.7831912302070646	0.7216610549943883	821.0
1	0.7854630715123095	0.5478331970564186	0.6454720616570327	1223.0
2	0.8947368421052632	0.9637705467963771	0.9279715762273903	2981.0
accuracy	0.8330348258706468	0.8330348258706468	0.8330348258706468	0.8330348258706468
macro avg	0.7830982022152227	0.7649316580199534	0.7650348976262705	5025.0
weighted avg	0.8312753444281414	0.8330348258706468	0.825508323639959	5025.0
