	precision	recall	f1-score	support
0	0.6269938650306749	0.8933566433566433	0.7368421052631581	572.0
1	0.7821428571428571	0.509895227008149	0.6173361522198731	859.0
2	0.9182561307901907	0.9422180801491147	0.9300827966881325	2146.0
accuracy	0.8305842885099245	0.8305842885099245	0.8305842885099245	0.8305842885099245
macro avg	0.7757976176545743	0.781823316837969	0.761420351390388	3577.0
weighted avg	0.838993251819684	0.8305842885099245	0.8240769137993095	3577.0
