	precision	recall	f1-score	support
0	0.6353591160220995	0.7003654080389768	0.6662804171494786	821.0
1	0.6638513513513513	0.642681929681112	0.6530951391773993	1223.0
2	0.9311989100817438	0.9171418986917141	0.9241169511576812	2981.0
accuracy	0.8149253731343283	0.8149253731343283	0.8149253731343283	0.8149253731343283
macro avg	0.7434697924850648	0.7533964121372677	0.7478308358281863	5025.0
weighted avg	0.8177958184896565	0.8149253731343283	0.8160286983273093	5025.0
