	precision	recall	f1-score	support
0	0.652317880794702	0.7198538367844093	0.6844238563983788	821.0
1	0.7278415015641293	0.570727718724448	0.6397800183318058	1223.0
2	0.9022151898734178	0.9563904729956391	0.9285132714541606	2981.0
accuracy	0.8238805970149253	0.8238805970149253	0.8238805970149253	0.8238805970149253
macro avg	0.7607915240774163	0.7489906761681655	0.7509057153947817	5025.0
weighted avg	0.8189465905588136	0.8238805970149253	0.81836040014482	5025.0
