	precision	recall	f1-score	support
0	0.6720977596741344	0.8038976857490865	0.7321131447587355	821.0
1	0.8331108144192256	0.5102207686017989	0.6328600405679513	1223.0
2	0.8800850030358227	0.9724924521972492	0.92398406374502	2981.0
accuracy	0.8324378109452736	0.8324378109452736	0.8324378109452736	0.8324378109452736
macro avg	0.7950978590430609	0.762203635516045	0.7629857496905689	5025.0
weighted avg	0.8346706827416847	0.8324378109452736	0.8217809384050608	5025.0
