	precision	recall	f1-score	support
0	0.6765119549929677	0.5858708891595615	0.6279373368146214	821.0
1	0.6177901320361362	0.7269010629599346	0.6679188580015026	1223.0
2	0.9405217391304348	0.9070781616907078	0.9234972677595628	2981.0
accuracy	0.8107462686567164	0.8107462686567164	0.8107462686567164	0.8107462686567164
macro avg	0.7449412753865129	0.7399500379367346	0.739784487525229	5025.0
weighted avg	0.8188395922143775	0.8107462686567164	0.8130043128461489	5025.0
