	precision	recall	f1-score	support
0	0.6791044776119403	0.7758830694275274	0.7242751563388288	821.0
1	0.693950177935943	0.6377759607522485	0.6646783127396676	1223.0
2	0.9244009449881877	0.9188191881918819	0.9216016150740242	2981.0
accuracy	0.8270646766169154	0.8270646766169154	0.8270646766169154	0.8270646766169154
macro avg	0.7658185335120237	0.7774927394572192	0.7701850280508401	5025.0
weighted avg	0.8282358329840495	0.8270646766169154	0.8268310237553149	5025.0
