	precision	recall	f1-score	support
0	0.6755852842809364	0.7381242387332522	0.7054714784633294	821.0
1	0.7131294964028777	0.6484055600981193	0.6792291220556744	1223.0
2	0.9217506631299734	0.9325729620932574	0.9271302317825579	2981.0
accuracy	0.8316417910447761	0.8316417910447761	0.8316417910447761	0.8316417910447761
macro avg	0.7701551479379293	0.773034253641543	0.770610277433854	5025.0
weighted avg	0.8307565411514068	0.8316417910447761	0.830580004186326	5025.0
