	precision	recall	f1-score	support
0	0.6636178861788617	0.7953714981729598	0.7235457063711911	821.0
1	0.7934640522875817	0.4963205233033524	0.6106639839034206	1223.0
2	0.8827838827838828	0.9701442468970144	0.924404666773214	2981.0
accuracy	0.8262686567164179	0.8262686567164179	0.8262686567164179	0.8262686567164179
macro avg	0.7799552737501086	0.7539454227911088	0.7528714523492752	5025.0
weighted avg	0.8252369303640422	0.8262686567164179	0.8152285351035984	5025.0
