	precision	recall	f1-score	support
0	0.7140740740740741	0.587088915956151	0.6443850267379679	821.0
1	0.6851385390428212	0.6672117743254292	0.676056338028169	1223.0
2	0.9006014561570117	0.9543777255954378	0.9267100977198697	2981.0
accuracy	0.8244776119402986	0.8244776119402986	0.8244776119402986	0.8244776119402986
macro avg	0.766604689757969	0.7362261386256727	0.7490504874953355	5025.0
weighted avg	0.8176860077349727	0.8244776119402986	0.8195780715747768	5025.0
