	precision	recall	f1-score	support
0	0.6477272727272727	0.6942752740560292	0.6701940035273368	821.0
1	0.6533232628398792	0.7072771872444807	0.6792304672163331	1223.0
2	0.9415101028004254	0.8909761824890976	0.9155463633229921	2981.0
accuracy	0.8141293532338308	0.8141293532338308	0.8141293532338308	0.8141293532338308
macro avg	0.7475202127891926	0.7641762145965357	0.7549902780222206	5025.0
weighted avg	0.8233711557831503	0.8141293532338308	0.8179446462422604	5025.0
