	precision	recall	f1-score	support
0	0.6890459363957597	0.7125456760048721	0.7005988023952096	821.0
1	0.7238285144566301	0.5936222403924775	0.6522911051212937	1223.0
2	0.8963126378821304	0.9540422676954042	0.9242768930776731	2981.0
accuracy	0.826865671641791	0.826865671641791	0.826865671641791	0.826865671641791
macro avg	0.7697290295781735	0.7534033946975845	0.7590556001980588	5025.0
weighted avg	0.8204690468632853	0.826865671641791	0.8215349366356922	5025.0
