	precision	recall	f1-score	support
0	0.7107142857142857	0.7271619975639464	0.7188440698374473	821.0
1	0.7405355493998154	0.6557645134914145	0.6955767562879445	1223.0
2	0.9119922630560928	0.949010399194901	0.9301331579812593	2981.0
accuracy	0.8413930348258707	0.8413930348258707	0.8413930348258707	0.8413930348258707
macro avg	0.7877473660567315	0.7773123034167541	0.7815179947022171	5025.0
weighted avg	0.837377182419426	0.8413930348258707	0.8385250344714098	5025.0
