	precision	recall	f1-score	support
0	0.6498388829215896	0.7369062119366626	0.6906392694063926	821.0
1	0.7525773195876289	0.5372035977105478	0.6269083969465649	1223.0
2	0.88699161751009	0.9584032203958404	0.9213157046114157	2981.0
accuracy	0.8197014925373134	0.8197014925373134	0.8197014925373134	0.8197014925373134
macro avg	0.763135940006436	0.7441710100143503	0.7462877903214578	5025.0
weighted avg	0.8155307057774873	0.8197014925373134	0.8119733184268512	5025.0
