	precision	recall	f1-score	support
0	0.5991489361702128	0.8574908647990256	0.7054108216432866	821.0
1	0.7056451612903226	0.42927228127555195	0.5338078291814947	1223.0
2	0.8998712169993561	0.9376048305937604	0.9183505832101199	2981.0
accuracy	0.8007960199004975	0.8007960199004975	0.8007960199004975	0.8007960199004975
macro avg	0.7348884381532971	0.7414559922227792	0.7191897446783004	5025.0
weighted avg	0.8034669466127143	0.8007960199004975	0.78996862650895	5025.0
