	precision	recall	f1-score	support
0	0.6379511059371362	0.6674786845310596	0.6523809523809523	821.0
1	0.6327130264446621	0.5282093213409649	0.5757575757575758	1223.0
2	0.890302066772655	0.9392821200939282	0.9141364675155077	2981.0
accuracy	0.7948258706467661	0.7948258706467661	0.7948258706467661	0.7948258706467661
macro avg	0.7203220663848179	0.7116567086553176	0.7140916652180119	5025.0
weighted avg	0.7863793732070636	0.7948258706467661	0.7890143456159215	5025.0
