	precision	recall	f1-score	support
0	0.6435921421889617	0.8380024360535931	0.728042328042328	821.0
1	0.7393258426966293	0.5380212591986917	0.6228111689540937	1223.0
2	0.91324200913242	0.9392821200939282	0.9260790474615511	2981.0
accuracy	0.8250746268656717	0.8250746268656717	0.8250746268656717	0.8250746268656717
macro avg	0.7653866646726702	0.7717686051154043	0.7589775148193243	5025.0
weighted avg	0.8268575290704198	0.8250746268656717	0.8199129256590033	5025.0
