	precision	recall	f1-score	support
0	0.661522633744856	0.7831912302070646	0.7172336865588399	821.0
1	0.6945422535211268	0.6451349141455437	0.668927511657482	1223.0
2	0.9345217689406925	0.9144582354914458	0.9243811461512377	2981.0
accuracy	0.8274626865671642	0.8274626865671642	0.8274626865671642	0.8274626865671642
macro avg	0.7635288854022252	0.7809281266146847	0.7701807814558532	5025.0
weighted avg	0.8315113734473768	0.8274626865671642	0.8283636617111935	5025.0
