	precision	recall	f1-score	support
0	0.6593843098311817	0.8087697929354446	0.7264770240700219	821.0
1	0.7523316062176166	0.5936222403924775	0.6636197440585009	1223.0
2	0.9194235178512938	0.941630325394163	0.9303944315545244	2981.0
accuracy	0.8352238805970149	0.8352238805970149	0.8352238805970149	0.8352238805970149
macro avg	0.7770464779666973	0.781340786240695	0.7734970665610157	5025.0
weighted avg	0.836270165072687	0.8352238805970149	0.8321493301908601	5025.0
