	precision	recall	f1-score	support
0	0.6549019607843137	0.8758741258741258	0.7494390426327601	572.0
1	0.8557114228456913	0.4970896391152503	0.6288659793814433	859.0
2	0.8979680069174233	0.96784715750233	0.9315990132316663	2146.0
accuracy	0.840089460441711	0.840089460441711	0.840089460441711	0.840089460441711
macro avg	0.8028604635158095	0.7802703074972355	0.7699680117486233	3577.0
weighted avg	0.8489514611791631	0.840089460441711	0.8297697766479605	3577.0
