	precision	recall	f1-score	support
0	0.6582809224318659	0.7649208282582217	0.7076056338028169	821.0
1	0.7505307855626328	0.5780866721177432	0.6531177829099307	1223.0
2	0.9092361776925535	0.9543777255954378	0.9312602291325696	2981.0
accuracy	0.8318407960199005	0.8318407960199005	0.8318407960199005	0.8318407960199005
macro avg	0.7726826285623507	0.7657950753238009	0.7639945486151056	5025.0
weighted avg	0.8296081261216247	0.8318407960199005	0.8270236849542584	5025.0
