	precision	recall	f1-score	support
0	0.634320735444331	0.756394640682095	0.6900000000000001	821.0
1	0.6935960591133005	0.5756336876533116	0.6291331546023236	1223.0
2	0.9165291982843946	0.9319020462931902	0.9241516966067864	2981.0
accuracy	0.8165174129353234	0.8165174129353234	0.8165174129353234	0.8165174129353234
macro avg	0.7481486642806754	0.7546434582095323	0.7477616170697035	5025.0
weighted avg	0.816162954065899	0.8165174129353234	0.8140927473957158	5025.0
