	precision	recall	f1-score	support
0	0.6593279258400927	0.6930572472594397	0.6757719714964371	821.0
1	0.6998207885304659	0.6385936222403925	0.6678067550235144	1223.0
2	0.9146421536441235	0.9345857094934585	0.924506387921022	2981.0
accuracy	0.8230845771144278	0.8230845771144278	0.8230845771144278	0.8230845771144278
macro avg	0.7579302893382273	0.7554121929977636	0.7560283714803244	5025.0
weighted avg	0.8206442410946485	0.8230845771144278	0.8213910432606766	5025.0
