	precision	recall	f1-score	support
0	0.6793611793611793	0.6735688185140073	0.6764525993883792	821.0
1	0.6764227642276422	0.6802943581357318	0.6783530370974317	1223.0
2	0.9241865145924186	0.9241865145924186	0.9241865145924186	2981.0
accuracy	0.8238805970149253	0.8238805970149253	0.8238805970149253	0.8238805970149253
macro avg	0.75999015272708	0.7593498970807193	0.7596640503594099	5025.0
weighted avg	0.8238846903295393	0.8238805970149253	0.8238792733269689	5025.0
