	precision	recall	f1-score	support
0	0.6273127753303964	0.8672350791717418	0.7280163599182005	821.0
1	0.6628216503992902	0.6107931316434996	0.6357446808510638	1223.0
2	0.9431777053926891	0.8742032874874204	0.9073816155988857	2981.0
accuracy	0.808955223880597	0.808955223880597	0.808955223880597	0.808955223880597
macro avg	0.7444373770407919	0.7840771661008873	0.7570475521227166	5025.0
weighted avg	0.8233367973652127	0.808955223880597	0.8119645317958153	5025.0
