	precision	recall	f1-score	support
0	0.6905089408528198	0.6114494518879415	0.6485788113695091	821.0
1	0.6580937972768532	0.7113654946852003	0.6836935166994105	1223.0
2	0.9210349462365591	0.919490103991949	0.9202618767836159	2981.0
accuracy	0.8185074626865672	0.8185074626865672	0.8185074626865672	0.8185074626865672
macro avg	0.756545894788744	0.7474350168550302	0.7508447349508452	5025.0
weighted avg	0.8193754685056595	0.8185074626865672	0.8182967223382498	5025.0
