	precision	recall	f1-score	support
0	0.6275	0.8776223776223776	0.7317784256559767	572.0
1	0.8305439330543933	0.46216530849825377	0.593866866118175	859.0
2	0.8960417572857764	0.9599254426840633	0.9268841394825647	2146.0
accuracy	0.8272295219457646	0.8272295219457646	0.8272295219457646	0.8272295219457646
macro avg	0.7846952301133898	0.7665710429348982	0.7508431437522388	3577.0
weighted avg	0.8373701005392787	0.8272295219457646	0.8157121221135909	3577.0
