	precision	recall	f1-score	support
0	0.6962552011095701	0.6114494518879415	0.6511024643320363	821.0
1	0.6770491803278689	0.6753883892068684	0.6762177650429799	1223.0
2	0.9114785992217899	0.9429721569942973	0.9269579554822754	2981.0
accuracy	0.823681592039801	0.823681592039801	0.823681592039801	0.823681592039801
macro avg	0.7615943268864096	0.7432699993630357	0.7514260616190972	5025.0
weighted avg	0.8192585814790241	0.823681592039801	0.8208619134640457	5025.0
