	precision	recall	f1-score	support
0	0.6143226919758412	0.8672350791717418	0.7191919191919192	821.0
1	0.7383292383292384	0.49141455437448894	0.5900834560628375	1223.0
2	0.9134993446920052	0.9352566252935257	0.9242499585612465	2981.0
accuracy	0.8161194029850747	0.8161194029850747	0.8161194029850747	0.8161194029850747
macro avg	0.7553837583323615	0.7646354196132522	0.7445084446053344	5025.0
weighted avg	0.8219854995255107	0.8161194029850747	0.8094164694313417	5025.0
