	precision	recall	f1-score	support
0	0.6883116883116883	0.5809987819732034	0.630118890356671	821.0
1	0.6320246343341032	0.6713000817661489	0.6510705789056306	1223.0
2	0.9182327728321794	0.934250251593425	0.9261722647156634	2981.0
accuracy	0.8125373134328359	0.8125373134328359	0.8125373134328359	0.8125373134328359
macro avg	0.7461896984926569	0.7288497051109258	0.7357872446593218	5025.0
weighted avg	0.8110093372551703	0.8125373134328359	0.8108470543486179	5025.0
