	precision	recall	f1-score	support
0	0.6544046466602129	0.8233861144945189	0.7292340884573895	821.0
1	0.6811023622047244	0.5658217497955846	0.6181330951317553	1223.0
2	0.9220430107526881	0.9204964776920497	0.9212690951821386	2981.0
accuracy	0.8183084577114428	0.8183084577114428	0.8183084577114428	0.8183084577114428
macro avg	0.7525166732058751	0.7699014473273844	0.7562120929237611	5025.0
weighted avg	0.8196745510324729	0.8183084577114428	0.8161156486980315	5025.0
