	precision	recall	f1-score	support
0	0.6912599318955732	0.7417783191230207	0.7156286721504114	821.0
1	0.6780082987551868	0.6680294358135732	0.6729818780889621	1223.0
2	0.9312691391629806	0.9181482723918148	0.9246621621621621	2981.0
accuracy	0.828457711442786	0.828457711442786	0.828457711442786	0.828457711442786
macro avg	0.7668457899379136	0.7759853424428029	0.7710909041338452	5025.0
weighted avg	0.8304162900116824	0.828457711442786	0.8292549019191431	5025.0
