	precision	recall	f1-score	support
0	0.6502808988764045	0.5639464068209501	0.604044357469015	821.0
1	0.7066381156316917	0.5396565821749796	0.6119610570236439	1223.0
2	0.8591299200947026	0.9738342837973835	0.9128930817610064	2981.0
accuracy	0.8011940298507463	0.8011940298507463	0.8011940298507463	0.8011940298507463
macro avg	0.7386829782009329	0.6924790909311044	0.7096328320845551	5025.0
weighted avg	0.7878935970542081	0.8011940298507463	0.7891906600898582	5025.0
