	precision	recall	f1-score	support
0	0.6402502606882169	0.7478684531059683	0.6898876404494382	821.0
1	0.7073170731707317	0.5928045789043336	0.645017793594306	1223.0
2	0.9151594870108517	0.933579335793358	0.9242776486217205	2981.0
accuracy	0.8202985074626866	0.8202985074626866	0.8202985074626866	0.8202985074626866
macro avg	0.7542422736232668	0.7580841226012199	0.7530610275551548	5025.0
weighted avg	0.81965864184919	0.8202985074626866	0.818015161177348	5025.0
