	precision	recall	f1-score	support
0	0.6481481481481481	0.8099878197320342	0.7200866269626423	821.0
1	0.7800480769230769	0.5306623058053965	0.6316301703163016	1223.0
2	0.8986422481844016	0.9547131834954713	0.9258295380611582	2981.0
accuracy	0.8278606965174129	0.8278606965174129	0.8278606965174129	0.8278606965174129
macro avg	0.7756128244185422	0.7651211030109674	0.759182111780034	5025.0
weighted avg	0.8288519342376625	0.8278606965174129	0.8206114770136277	5025.0
