	precision	recall	f1-score	support
0	0.6378233719892953	0.8708891595615104	0.7363542739443872	821.0
1	0.7979669631512071	0.5134914145543745	0.6248756218905474	1223.0
2	0.9104908565928778	0.9520295202952029	0.9307969826172515	2981.0
accuracy	0.8320398009950248	0.8320398009950248	0.8320398009950248	0.8320398009950248
macro avg	0.7820937305777934	0.7788033648036959	0.764008959484062	5025.0
weighted avg	0.8385551896200012	0.8320398009950248	0.8245722486890562	5025.0
