	precision	recall	f1-score	support
0	0.6878698224852071	0.5663824604141291	0.62124248496994	821.0
1	0.6523125996810207	0.6688470973017171	0.6604763827210335	1223.0
2	0.904361873990307	0.9389466621938947	0.9213298222514812	2981.0
accuracy	0.8123383084577115	0.8123383084577115	0.8123383084577115	0.8123383084577115
macro avg	0.7481814320521782	0.7247254066365804	0.7343495633141516	5025.0
weighted avg	0.8076462049821589	0.8123383084577115	0.8088133127084199	5025.0
