	dccuchile/bert-base-spanish-wwm-uncased	dccuchile/bert-base-spanish-wwm-cased	xlm-roberta-base	bert-base-multilingual-uncased	bert-base-multilingual-cased
0	0.8181818181818182	0.8374125874125874	0.8444055944055944	0.8758741258741258	0.8374125874125874
1	0.8776223776223776	0.8461538461538461	0.8846153846153846	0.8653846153846154	0.8479020979020979
2	0.8688811188811189	0.8146853146853147	0.8601398601398601	0.8793706293706294	0.8933566433566433
3	0.8566433566433567	0.8111888111888111	0.8024475524475524	0.8426573426573427	0.8688811188811189
4	0.8636363636363636	0.8374125874125874	0.8618881118881119	0.8758741258741258	0.8374125874125874
