	dccuchile/bert-base-spanish-wwm-uncased	dccuchile/bert-base-spanish-wwm-cased	xlm-roberta-base	bert-base-multilingual-uncased	bert-base-multilingual-cased
0	0.6638297872340425	0.6508152173913043	0.6607387140902873	0.6549019607843137	0.6588720770288858
1	0.6275	0.6318537859007833	0.6208588957055214	0.6530343007915568	0.6518817204301075
2	0.6128236744759556	0.6305818673883626	0.6332046332046332	0.6448717948717949	0.6269938650306749
3	0.6422018348623854	0.6562942008486563	0.6779911373707533	0.6666666666666666	0.6446173800259404
4	0.6182728410513142	0.6472972972972973	0.6402597402597403	0.6246882793017456	0.6490514905149052
