	dccuchile/bert-base-spanish-wwm-uncased	dccuchile/bert-base-spanish-wwm-cased	xlm-roberta-base	bert-base-multilingual-uncased	bert-base-multilingual-cased
0	0.8308638523902712	0.8311434162706178	0.8249930109029914	0.840089460441711	0.8303047246295778
1	0.8272295219457646	0.8280682135868046	0.8247134470226447	0.837573385518591	0.8378529493989376
2	0.812133072407045	0.8224769359798714	0.8303047246295778	0.8364551299972044	0.8305842885099245
3	0.8269499580654179	0.8291864691081913	0.8207995526977915	0.8398098965613643	0.8272295219457646
4	0.8185630416550181	0.8311434162706178	0.8322616717920045	0.8347777467151244	0.8283477774671513
