	dccuchile/bert-base-spanish-wwm-uncased	dccuchile/bert-base-spanish-wwm-cased	xlm-roberta-base	bert-base-multilingual-uncased	bert-base-multilingual-cased
0	0.7329678935003915	0.7324159021406728	0.7413660782808903	0.7494390426327601	0.7374903772132411
1	0.7317784256559767	0.7234678624813156	0.7296322999279019	0.7443609022556391	0.7370820668693009
2	0.7187274041937817	0.7109077040427154	0.7294292068198666	0.7440828402366865	0.7368421052631581
3	0.7340823970037453	0.72556684910086	0.7349879903923139	0.7444015444015443	0.7401340282948623
4	0.7206418672501824	0.7301829268292683	0.7347242921013413	0.7292576419213973	0.7312977099236642
