	precision	recall	f1-score	support
0	0.6525714285714286	0.6954933008526187	0.6733490566037735	821.0
1	0.6944696282864914	0.6263286999182338	0.6586414445399829	1223.0
2	0.9209058089924516	0.9412948674941295	0.9309887193098872	2981.0
accuracy	0.8244776119402986	0.8244776119402986	0.8244776119402986	0.8244776119402986
macro avg	0.7559822886167905	0.7543722894216606	0.7543264068178813	5025.0
weighted avg	0.8219537741010985	0.8244776119402986	0.8226100366978848	5025.0
