	precision	recall	f1-score	support
0	0.6860189573459715	0.705237515225335	0.6954954954954955	821.0
1	0.7090909090909091	0.6377759607522485	0.6715454154111064	1223.0
2	0.9133398247322297	0.9439785306943979	0.9284064665127022	2981.0
accuracy	0.8304477611940299	0.8304477611940299	0.8304477611940299	0.8304477611940299
macro avg	0.7694832303897035	0.7623306688906605	0.7651491258064347	5025.0
weighted avg	0.8264887091196023	0.8304477611940299	0.8278371187112339	5025.0
