	precision	recall	f1-score	support
0	0.6870229007633588	0.7673568818514007	0.7249712313003452	821.0
1	0.7593582887700535	0.580539656582175	0.6580166821130676	1223.0
2	0.900094547746612	0.9580677624958068	0.9281767955801105	2981.0
accuracy	0.8350248756218905	0.8350248756218905	0.8350248756218905	0.8350248756218905
macro avg	0.7821585790933415	0.7686547669764608	0.7703882363311744	5025.0
weighted avg	0.8310294200050037	0.8350248756218905	0.8292240419395372	5025.0
