	precision	recall	f1-score	support
0	0.6289855072463768	0.7929354445797807	0.7015086206896551	821.0
1	0.7535377358490566	0.5224856909239575	0.6170931916948333	1223.0
2	0.9026098026734564	0.9513586044951359	0.9263432957700474	2981.0
accuracy	0.8210945273631841	0.8210945273631841	0.8210945273631841	0.8210945273631841
macro avg	0.7617110152562967	0.7555932466662915	0.748315036051512	5025.0
weighted avg	0.8216226018233322	0.8210945273631841	0.8143428687999004	5025.0
