	precision	recall	f1-score	support
0	0.6307541625857003	0.784409257003654	0.6992399565689468	821.0
1	0.7123572170301142	0.5609157808667212	0.6276303751143641	1223.0
2	0.9151594870108517	0.933579335793358	0.9242776486217205	2981.0
accuracy	0.8185074626865672	0.8185074626865672	0.8185074626865672	0.8185074626865672
macro avg	0.752756955542222	0.7596347912212443	0.7503826601016771	5025.0
weighted avg	0.8193338258089629	0.8185074626865672	0.8153113678904121	5025.0
