	precision	recall	f1-score	support
0	0.6237799467613132	0.856272838002436	0.7217659137577002	821.0
1	0.7007376185458377	0.5437448896156991	0.6123388581952117	1223.0
2	0.9247202441505595	0.9147936933914794	0.9197301854974707	2981.0
accuracy	0.8149253731343283	0.8149253731343283	0.8149253731343283	0.8149253731343283
macro avg	0.7497459364859035	0.7716038070032049	0.7512783191501274	5025.0
weighted avg	0.8210381077781921	0.8149253731343283	0.8125723227334877	5025.0
