	precision	recall	f1-score	support
0	0.6494736842105263	0.7515225334957369	0.696781479390175	821.0
1	0.7093933463796478	0.5928045789043336	0.6458797327394209	1223.0
2	0.9138552243694726	0.9359275410935928	0.9247596950613192	2981.0
accuracy	0.8222885572139303	0.8222885572139303	0.8222885572139303	0.8222885572139303
macro avg	0.7575740849865489	0.7600848844978877	0.7558069690636383	5025.0
weighted avg	0.8208971902894624	0.8222885572139303	0.8196372455119278	5025.0
