	precision	recall	f1-score	support
0	0.6603563474387528	0.7222898903775883	0.689936009307737	821.0
1	0.6822107081174439	0.6459525756336877	0.6635867282654347	1223.0
2	0.9252273492758505	0.9215028513921503	0.9233613445378152	2981.0
accuracy	0.8218905472636816	0.8218905472636816	0.8218905472636816	0.8218905472636816
macro avg	0.7559314682773491	0.7632484391344754	0.7589613607036623	5025.0
weighted avg	0.8228057682519722	0.8218905472636816	0.8219988458462698	5025.0
