	precision	recall	f1-score	support
0	0.6360485268630849	0.8940316686967114	0.7432911392405063	821.0
1	0.8025404157043879	0.5682747342600164	0.665390138822403	1223.0
2	0.9291181364392679	0.9365984568936598	0.9328433010357501	2981.0
accuracy	0.84	0.84	0.84	0.84
macro avg	0.7892356930022468	0.7996349532834626	0.7805081930328864	5025.0
weighted avg	0.8504286435197049	0.84	0.8367801085539952	5025.0
