	precision	recall	f1-score	support
0	0.6881720430107527	0.7015834348355664	0.6948130277442702	821.0
1	0.7482792527040315	0.6222403924775143	0.6794642857142856	1223.0
2	0.9006622516556292	0.9580677624958068	0.9284785435630689	2981.0
accuracy	0.8344278606965174	0.8344278606965174	0.8344278606965174	0.8344278606965174
macro avg	0.7790378491234712	0.7606305299362958	0.7675852856738749	5025.0
weighted avg	0.8288575016028437	0.8344278606965174	0.8296956926503732	5025.0
