	precision	recall	f1-score	support
0	0.667816091954023	0.707673568818514	0.6871673565937314	821.0
1	0.6918123275068997	0.6148814390842191	0.651082251082251	1223.0
2	0.9113428943937418	0.9379402884937941	0.9244503223673335	2981.0
accuracy	0.8216915422885572	0.8216915422885572	0.8216915422885572	0.8216915422885572
macro avg	0.7569904379515547	0.7534984321321757	0.7542333100144386	5025.0
weighted avg	0.8181247077060568	0.8216915422885572	0.8191491350873767	5025.0
