	precision	recall	f1-score	support
0	0.6144366197183099	0.8501827040194885	0.7133367399080226	821.0
1	0.6631799163179917	0.5183973834832379	0.5819183111519046	1223.0
2	0.9256733719740879	0.9107681985910768	0.9181602975989178	2981.0
accuracy	0.8053731343283582	0.8053731343283582	0.8053731343283582	0.8053731343283582
macro avg	0.7344299693367965	0.7597827620312678	0.7378051162196151	5025.0
weighted avg	0.810936084437889	0.8053731343283582	0.8028599811235104	5025.0
