	precision	recall	f1-score	support
0	0.6669893514036787	0.8392204628501827	0.7432578209277239	821.0
1	0.7608915906788247	0.6140637775960752	0.6796380090497738	1223.0
2	0.9254575707154742	0.9329084199932909	0.9291680588038758	2981.0
accuracy	0.84	0.84	0.84	0.84
macro avg	0.7844461709326591	0.7953975534798495	0.7840212962604577	5025.0
weighted avg	0.8431756599413832	0.84	0.8380620774813707	5025.0
