	precision	recall	f1-score	support
0	0.6238698010849909	0.8404384896467723	0.7161390762843798	821.0
1	0.7748502994011977	0.5290269828291088	0.6287657920310982	1223.0
2	0.914396887159533	0.9459912780945992	0.9299258037922508	2981.0
accuracy	0.8272636815920398	0.8272636815920398	0.8272636815920398	0.8272636815920398
macro avg	0.7710389958819072	0.7718189168568267	0.7582768907025762	5025.0
weighted avg	0.8329663967126388	0.8272636815920398	0.8216994161966583	5025.0
