	precision	recall	f1-score	support
0	0.6449864498644986	0.8696711327649208	0.7406639004149377	821.0
1	0.8050314465408805	0.5233033524121014	0.6342913776015857	1223.0
2	0.9077809798270894	0.9510231465951023	0.9288990825688074	2981.0
accuracy	0.8336318407960199	0.8336318407960199	0.8336318407960199	0.8336318407960199
macro avg	0.7859329587441563	0.7813325439240416	0.7679514535284436	5025.0
weighted avg	0.839837300561752	0.8336318407960199	0.8264421059074664	5025.0
