	precision	recall	f1-score	support
0	0.6879334257975035	0.6041412911084044	0.6433203631647212	821.0
1	0.7372793354101765	0.580539656582175	0.6495882891125343	1223.0
2	0.8721939539060162	0.9775243206977524	0.9218601708320152	2981.0
accuracy	0.8199004975124378	0.8199004975124378	0.8199004975124378	0.8199004975124378
macro avg	0.7658022383712321	0.7207350894627774	0.7382562743697569	5025.0
weighted avg	0.8092529644537773	0.8199004975124378	0.810085107461314	5025.0
