	precision	recall	f1-score	support
0	0.6621315192743764	0.7113276492082826	0.6858485026423958	821.0
1	0.7096774193548387	0.6116107931316435	0.6570048309178743	1223.0
2	0.9135642602784072	0.9466621938946662	0.9298187808896211	2981.0
accuracy	0.8266666666666667	0.8266666666666667	0.8266666666666667	0.8266666666666667
macro avg	0.7617910663025408	0.7565335454115308	0.7575573714832972	5025.0
weighted avg	0.8228617952408284	0.8266666666666667	0.8235598636246623	5025.0
