	precision	recall	f1-score	support
0	0.6571709233791748	0.8148599269183922	0.7275693311582381	821.0
1	0.8007334963325183	0.53556827473426	0.6418422341989222	1223.0
2	0.8958921291941048	0.9584032203958404	0.9260940032414913	2981.0
accuracy	0.8320398009950248	0.8320398009950248	0.8320398009950248	0.8320398009950248
macro avg	0.7845988496352659	0.7696104740161642	0.7651685228662171	5025.0
weighted avg	0.8337291206440992	0.8320398009950248	0.8244763576057872	5025.0
