	precision	recall	f1-score	support
0	0.6506986027944112	0.7941534713763703	0.7153044432254525	821.0
1	0.7697044334975369	0.5110384300899428	0.6142506142506142	1223.0
2	0.8919339769542198	0.9607514256960752	0.9250645994832042	2981.0
accuracy	0.8240796019900497	0.8240796019900497	0.8240796019900497	0.8240796019900497
macro avg	0.7707790044153894	0.7553144423874626	0.7515398856530903	5025.0
weighted avg	0.822771594101936	0.8240796019900497	0.8151464716768217	5025.0
