	precision	recall	f1-score	support
0	0.6504217432052484	0.8453105968331304	0.7351694915254238	821.0
1	0.8480463096960926	0.47914963205233035	0.6123301985370951	1223.0
2	0.8846036118763392	0.9694733310969473	0.9250960307298335	2981.0
accuracy	0.8298507462686567	0.8298507462686567	0.8298507462686567	0.8298507462686567
macro avg	0.7943572215925601	0.764644519994136	0.7575319069307841	5025.0
weighted avg	0.8374448268523776	0.8298507462686567	0.8179433339221639	5025.0
