	precision	recall	f1-score	support
0	0.6414686825053996	0.7235079171741778	0.680022896393818	821.0
1	0.6870095902353966	0.6443172526573998	0.6649789029535864	1223.0
2	0.9302168021680217	0.9211673934921167	0.9256699814596326	2981.0
accuracy	0.8214925373134329	0.8214925373134329	0.8214925373134329	0.8214925373134329
macro avg	0.7528983583029394	0.7629975211078981	0.7568905936023457	5025.0
weighted avg	0.8238477222801385	0.8214925373134329	0.8220876041756667	5025.0
