	precision	recall	f1-score	support
0	0.649171270718232	0.8587088915956151	0.7393812270582065	821.0
1	0.7258064516129032	0.588716271463614	0.6501128668171557	1223.0
2	0.9311163895486936	0.9204964776920497	0.9257759784075573	2981.0
accuracy	0.8296517412935324	0.8296517412935324	0.8296517412935324	0.8296517412935324
macro avg	0.7686980372932762	0.7893072135837595	0.7717566907609732	5025.0
weighted avg	0.835082360363563	0.8296517412935324	0.8282304905801189	5025.0
