	precision	recall	f1-score	support
0	0.6617790811339198	0.8246041412911084	0.7342733188720173	821.0
1	0.7666666666666667	0.5453802125919869	0.6373626373626373	1223.0
2	0.9051724137931034	0.9510231465951023	0.9275314902666449	2981.0
accuracy	0.8316417910447761	0.8316417910447761	0.8316417910447761	0.8316417910447761
macro avg	0.77787272053123	0.7736691668260659	0.7663891488337665	5025.0
weighted avg	0.8316961043704524	0.8316417910447761	0.8253341836364776	5025.0
