	precision	recall	f1-score	support
0	0.6632536973833902	0.7101096224116931	0.6858823529411765	821.0
1	0.7263157894736842	0.5641864268192968	0.6350667280257709	1223.0
2	0.8933041301627034	0.9577323045957732	0.9243969564513518	2981.0
accuracy	0.8214925373134329	0.8214925373134329	0.8214925373134329	0.8214925373134329
macro avg	0.760957872339926	0.7440094512755877	0.748448679139433	5025.0
weighted avg	0.8150756434016115	0.8214925373134329	0.815009621357553	5025.0
