	precision	recall	f1-score	support
0	0.6831550802139037	0.6224116930572473	0.6513702995538561	821.0
1	0.6767169179229481	0.660670482420278	0.6685974348365742	1223.0
2	0.9124229646448264	0.9436430727943643	0.9277704485488126	2981.0
accuracy	0.8222885572139303	0.8222885572139303	0.8222885572139303	0.8222885572139303
macro avg	0.7574316542605595	0.7422417494239631	0.7492460609797477	5025.0
weighted avg	0.8175976057873846	0.8222885572139303	0.8195330121120113	5025.0
