	precision	recall	f1-score	support
0	0.6777188328912467	0.6224116930572473	0.648888888888889	821.0
1	0.6856899488926746	0.6582174979558463	0.6716729244889444	1223.0
2	0.9131417500807233	0.9486749412948675	0.9305692662059888	2981.0
accuracy	0.8246766169154229	0.8246766169154229	0.8246766169154229	0.8246766169154229
macro avg	0.7588501772882149	0.743101377435987	0.7503770265279407	5025.0
weighted avg	0.8193197067243961	0.8246766169154229	0.8215364670622506	5025.0
