	dccuchile/bert-base-spanish-wwm-uncased	xlm-roberta-base
0	0.7911392405063291	0.7802610759493671
1		
2		
3		
4		
