	dccuchile/bert-base-spanish-wwm-uncased	xlm-roberta-base
0	0.8014240506329114	0.8000395569620253
1		
2		
3		
4		
