	precision	recall	f1-score	support
0	0.6873857404021938	0.4579780755176614	0.5497076023391814	821.0
1	0.5966081162931557	0.8053965658217498	0.6854558107167711	1223.0
2	0.9504775380261762	0.9013753773901375	0.925275482093664	2981.0
accuracy	0.8055721393034826	0.8055721393034826	0.8055721393034826	0.8055721393034826
macro avg	0.7448237982405086	0.7215833395765162	0.7201462983832055	5025.0
weighted avg	0.8213669572045297	0.8055721393034826	0.8055459920693117	5025.0
