	precision	recall	f1-score	support
0	0.6045197740112994	0.9123020706455542	0.7271844660194176	821.0
1	0.8518518518518519	0.4513491414554375	0.5900587920897916	1223.0
2	0.9069471000637349	0.9547131834954713	0.9302173557770878	2981.0
accuracy	0.825273631840796	0.825273631840796	0.825273631840796	0.825273631840796
macro avg	0.7877729086422954	0.7727881318654877	0.7491535379620989	5025.0
weighted avg	0.8441263392175294	0.825273631840796	0.8142563755023394	5025.0
