	precision	recall	f1-score	support
0	0.6784565916398714	0.7710109622411693	0.7217787913340935	821.0
1	0.6816693944353519	0.6811120196238757	0.6813905930470348	1223.0
2	0.9442508710801394	0.9090909090909091	0.9263373782259442	2981.0
accuracy	0.831044776119403	0.831044776119403	0.831044776119403	0.831044776119403
macro avg	0.7681256190517876	0.7870712969853181	0.7765022542023575	5025.0
weighted avg	0.836916692103615	0.831044776119403	0.8333000611887272	5025.0
