	precision	recall	f1-score	support
0	0.6582914572864321	0.7978075517661388	0.7213656387665198	821.0
1	0.7612704918032787	0.6075224856909239	0.6757617098681219	1223.0
2	0.9217419777341191	0.9443139885944314	0.9328914664457332	2981.0
accuracy	0.838407960199005	0.838407960199005	0.838407960199005	0.838407960199005
macro avg	0.78043464227461	0.7832146753504979	0.7766729383601251	5025.0
weighted avg	0.8396425738374089	0.838407960199005	0.8357506909593545	5025.0
