	precision	recall	f1-score	support
0	0.6103363412633306	0.9062119366626066	0.7294117647058824	821.0
1	0.7558528428093646	0.5543744889615699	0.639622641509434	1223.0
2	0.9364042626332073	0.9137873196913787	0.9249575551782683	2981.0
accuracy	0.8250746268656717	0.8250746268656717	0.8250746268656717	0.8250746268656717
macro avg	0.7675311489019675	0.7914579151051852	0.764663987131195	5025.0
weighted avg	0.8391871183766445	0.8250746268656717	0.8235629893285543	5025.0
