	precision	recall	f1-score	support
0	0.6511627906976745	0.4774665042630938	0.550948699929726	821.0
1	0.6239612188365651	0.7367130008176614	0.675665541807274	1223.0
2	0.9291708627056059	0.9285474672928548	0.9288590604026845	2981.0
accuracy	0.8081592039800995	0.8081592039800995	0.8081592039800995	0.8081592039800995
macro avg	0.7347649574132818	0.7142423241245366	0.7184911007132282	5025.0
weighted avg	0.8094661817960838	0.8081592039800995	0.8054918804642793	5025.0
