	precision	recall	f1-score	support
0	0.6422018348623854	0.8566433566433567	0.7340823970037453	572.0
1	0.8198757763975155	0.4610011641443539	0.5901639344262295	859.0
2	0.8888888888888888	0.9655172413793104	0.9256198347107438	2146.0
accuracy	0.8269499580654179	0.8269499580654179	0.8269499580654179	0.8269499580654179
macro avg	0.7836555000495965	0.7610539207223402	0.7499553887135729	3577.0
weighted avg	0.8328678493213043	0.8269499580654179	0.8144327973294743	3577.0
