	precision	recall	f1-score	support
0	0.6295264623955432	0.8258221680876979	0.7144362486828242	821.0
1	0.7439664218258132	0.5797219950940311	0.651654411764706	1223.0
2	0.9285475792988314	0.9329084199932909	0.9307228915662651	2981.0
accuracy	0.829452736318408	0.829452736318408	0.829452736318408	0.829452736318408
macro avg	0.7673468211733958	0.7794841943916732	0.7656045173379318	5025.0
weighted avg	0.8347686554048809	0.829452736318408	0.82746476527679	5025.0
