	precision	recall	f1-score	support
0	0.6542056074766355	0.8526187576126675	0.7403490216816498	821.0
1	0.8002421307506054	0.5404742436631235	0.6451927769643728	1223.0
2	0.909875359539789	0.9550486413955048	0.9319148936170213	2981.0
accuracy	0.8374129353233831	0.8374129353233831	0.8374129353233831	0.8374129353233831
macro avg	0.7881076992556766	0.7827138808904319	0.7724855640876812	5025.0
weighted avg	0.8414203734197848	0.8374129353233831	0.830832957393115	5025.0
