	precision	recall	f1-score	support
0	0.6803482587064676	0.6662606577344702	0.6732307692307693	821.0
1	0.6933453237410072	0.6304170073589533	0.6603854389721626	1223.0
2	0.9031843036346092	0.9419657832941966	0.922167487684729	2981.0
accuracy	0.8210945273631841	0.8210945273631841	0.8210945273631841	0.8210945273631841
macro avg	0.7589592953606946	0.7462144827958733	0.7519278986292203	5025.0
weighted avg	0.8157054050682648	0.8210945273631841	0.8177821162566355	5025.0
