	precision	recall	f1-score	support
0	0.6523297491039427	0.6650426309378806	0.6586248492159228	821.0
1	0.632016632016632	0.7457072771872445	0.6841710427606902	1223.0
2	0.9497267759562842	0.8745387453874539	0.9105833042263362	2981.0
accuracy	0.808955223880597	0.808955223880597	0.808955223880597	0.808955223880597
macro avg	0.744691052358953	0.761762884504193	0.7511263987343164	5025.0
weighted avg	0.8238118575316141	0.808955223880597	0.8143126400798616	5025.0
