	precision	recall	f1-score	support
0	0.6650485436893204	0.6674786845310596	0.6662613981762917	821.0
1	0.709613478691774	0.5854456255110384	0.6415770609318997	1223.0
2	0.8919172932330827	0.9550486413955048	0.9224040174955451	2981.0
accuracy	0.8181094527363184	0.8181094527363184	0.8181094527363184	0.8181094527363184
macro avg	0.755526438538059	0.7359909838125342	0.7434141588679122	5025.0
weighted avg	0.810481112425232	0.8181094527363184	0.8122061153386405	5025.0
