	precision	recall	f1-score	support
0	0.6830238726790451	0.6272838002436053	0.653968253968254	821.0
1	0.6980802792321117	0.6541291905151267	0.6753904601097509	1223.0
2	0.90944	0.9533713518953372	0.9308876514903375	2981.0
accuracy	0.8272636815920398	0.8272636815920398	0.8272636815920398	0.8272636815920398
macro avg	0.7635147173037189	0.744928114218023	0.7534154551894474	5025.0
weighted avg	0.8210060539244515	0.8272636815920398	0.8234600116049469	5025.0
