	precision	recall	f1-score	support
0	0.6251105216622458	0.8611449451887941	0.7243852459016393	821.0
1	0.7029702970297029	0.580539656582175	0.6359158083296014	1223.0
2	0.9375866851595007	0.9070781616907078	0.9220801364023871	2981.0
accuracy	0.8200995024875621	0.8200995024875621	0.8200995024875621	0.8200995024875621
macro avg	0.7552225012838165	0.7829209211538922	0.7607937302112092	5025.0
weighted avg	0.8294317054751248	0.8200995024875621	0.820132578524948	5025.0
