	precision	recall	f1-score	support
0	0.6451905626134301	0.8660170523751523	0.7394695787831512	821.0
1	0.7744533947065593	0.5502861815208504	0.6434034416826004	1223.0
2	0.9197773411918795	0.9423012411942301	0.9309030654515327	2981.0
accuracy	0.8344278606965174	0.8344278606965174	0.8344278606965174	0.8344278606965174
macro avg	0.7798070995039562	0.7862014916967442	0.7712586953057615	5025.0
weighted avg	0.8395451159651226	0.8344278606965174	0.829653526660658	5025.0
