	precision	recall	f1-score	support
0	0.6199484092863284	0.8781973203410475	0.7268145161290323	821.0
1	0.8084832904884319	0.5143090760425184	0.6286856571714143	1223.0
2	0.9137483787289234	0.9453203622945321	0.9292662819455894	2981.0
accuracy	0.829452736318408	0.829452736318408	0.829452736318408	0.829452736318408
macro avg	0.7807266928345613	0.7792755862260327	0.7615888184153453	5025.0
weighted avg	0.8401266915984773	0.829452736318408	0.8230328483467417	5025.0
