	dccuchile/bert-base-spanish-wwm-uncased	xlm-roberta-base	bert-base-multilingual-uncased
0	0.8299050632911392	0.8360363924050633	0.8481012658227848
1	0.8247626582278481	0.8411787974683544	0.8405854430379747
2	0.8293117088607594	0.8334651898734177	0.8397943037974683
3	0.8324762658227848	0.8368275316455697	0.8423655063291139
4	0.834256329113924	0.8399920886075949	0.8409810126582279
