	dccuchile/bert-base-spanish-wwm-uncased	xlm-roberta-base	bert-base-multilingual-uncased
0	0.6778268672256011	0.6770473724587643	0.6755959230642775
1	0.6202420996724795	0.6814389372933674	0.6738147752388253
2	0.682072533654812	0.665932098843491	0.6669086890605875
3	0.6513870623047835	0.6538682484885014	0.689470884249365
4	0.6670180557838784	0.6692617509073204	0.662268339958213
