	dccuchile/bert-base-spanish-wwm-uncased	xlm-roberta-base	bert-base-multilingual-uncased
0	0.6920350446974427	0.6943219265004739	0.7097423343313335
1	0.645368257517021	0.7233206178387438	0.7313440027160293
2	0.6554743004575468	0.695772677270562	0.6923686870144135
3	0.6771094103607724	0.7106084311633553	0.6749802809458691
4	0.6849890680538532	0.69670860272567	0.717772814089485
