	dccuchile/bert-base-spanish-wwm-uncased	xlm-roberta-base
0	0.8136867088607594	0.7958860759493671
1		
2		
3		
4		
