	precision	recall	f1-score	support
0	0.6182728410513142	0.8636363636363636	0.7206418672501824	572.0
1	0.7551020408163265	0.47380675203725264	0.5822603719599427	859.0
2	0.9053148727110317	0.9445479962721341	0.924515393386545	2146.0
accuracy	0.8185630416550181	0.8185630416550181	0.8185630416550181	0.8185630416550181
macro avg	0.7595632515262242	0.7606637039819168	0.7424725441988901	3577.0
weighted avg	0.8233409099749652	0.8185630416550181	0.8097229079642775	3577.0
