	precision	recall	f1-score	support
0	0.6168549087749783	0.8647990255785627	0.720081135902637	821.0
1	0.7463126843657817	0.41373671300081766	0.5323513940031563	1223.0
2	0.8886107634543179	0.95270043609527	0.9195402298850575	2981.0
accuracy	0.8071641791044776	0.8071641791044776	0.8071641791044776	0.8071641791044776
macro avg	0.7505927855316926	0.7437453915582167	0.7239909199302836	5025.0
weighted avg	0.8095775082469512	0.8071641791044776	0.7927167746724939	5025.0
