	precision	recall	f1-score	support
0	0.6621621621621622	0.7758830694275274	0.7145260796410544	821.0
1	0.700228832951945	0.5004088307440719	0.5836909871244635	1223.0
2	0.8889934148635936	0.9510231465951023	0.9189627228525122	2981.0
accuracy	0.8127363184079602	0.8127363184079602	0.8127363184079602	0.8127363184079602
macro avg	0.7504614699925668	0.7424383489222338	0.7390599298726768	5025.0
weighted avg	0.8059909189141764	0.8127363184079602	0.8039617642710176	5025.0
