	precision	recall	f1-score	support
0	0.6515513126491647	0.6650426309378806	0.6582278481012658	821.0
1	0.6503875968992248	0.6860179885527392	0.6677278153601274	1223.0
2	0.9382119433897135	0.9117745722911774	0.924804355222865	2981.0
accuracy	0.8165174129353234	0.8165174129353234	0.8165174129353234	0.8165174129353234
macro avg	0.7467169509793675	0.7542783972605992	0.7502533395614194	5025.0
weighted avg	0.8213248680472542	0.8165174129353234	0.8186821819693403	5025.0
