	precision	recall	f1-score	support
0	0.6803874092009685	0.6845310596833131	0.6824529447480268	821.0
1	0.7379454926624738	0.5756336876533116	0.6467615985300874	1223.0
2	0.8924499229583975	0.9714860784971486	0.9302923225184709	2981.0
accuracy	0.8282587064676616	0.8282587064676616	0.8282587064676616	0.8282587064676616
macro avg	0.77026094160728	0.7438836086112577	0.7531689552655284	5025.0
weighted avg	0.8201987305112804	0.8282587064676616	0.8207929783219879	5025.0
