	precision	recall	f1-score	support
0	0.691609977324263	0.7429963459196103	0.716382853787434	821.0
1	0.7283126787416587	0.624693376941946	0.6725352112676056	1223.0
2	0.9137039431157078	0.948339483394834	0.9306995884773662	2981.0
accuracy	0.8360199004975124	0.8360199004975124	0.8360199004975124	0.8360199004975124
macro avg	0.7778755330605431	0.7720097354187967	0.773205884510802	5025.0
weighted avg	0.83229644814173	0.8360199004975124	0.8328510168339888	5025.0
