	precision	recall	f1-score	support
0	0.606951871657754	0.8294762484774665	0.700977869274318	821.0
1	0.717479674796748	0.5772690106295993	0.6397825101948346	1223.0
2	0.9325111339499829	0.9131164038913117	0.9227118644067797	2981.0
accuracy	0.8177114427860697	0.8177114427860697	0.8177114427860697	0.8177114427860697
macro avg	0.752314226801495	0.7732872209994591	0.754490747958644	5025.0
weighted avg	0.8269852376541965	0.8177114427860697	0.817624061380917	5025.0
