	precision	recall	f1-score	support
0	0.6191732629727352	0.8574908647990256	0.7191011235955057	821.0
1	0.6713211600429646	0.5110384300899428	0.5803156917363046	1223.0
2	0.925938451132905	0.9184837302918484	0.9221960255978444	2981.0
accuracy	0.8093532338308458	0.8093532338308458	0.8093532338308458	0.8093532338308458
macro avg	0.7388109580495349	0.7623376750602723	0.7405376136432182	5025.0
weighted avg	0.8138486667582788	0.8093532338308458	0.8058058638353403	5025.0
