	precision	recall	f1-score	support
0	0.69432918395574	0.6114494518879415	0.6502590673575129	821.0
1	0.6698187549251379	0.6950122649223222	0.682182985553772	1223.0
2	0.9231783712495879	0.9392821200939282	0.9311606252078484	2981.0
accuracy	0.8262686567164179	0.8262686567164179	0.8262686567164179	0.8262686567164179
macro avg	0.762442103376822	0.7485812789680639	0.7545342260397111	5025.0
weighted avg	0.8241248401982344	0.8262686567164179	0.8246691162940054	5025.0
