	precision	recall	f1-score	support
0	0.6727493917274939	0.6735688185140073	0.6731588557516738	821.0
1	0.7081818181818181	0.6369582992641046	0.6706844597503228	1223.0
2	0.9097647437963261	0.9469976517946997	0.928007889546351	2981.0
accuracy	0.826865671641791	0.826865671641791	0.826865671641791	0.826865671641791
macro avg	0.7635653179018794	0.7525082565242706	0.757283735016116	5025.0
weighted avg	0.8219785702490516	0.826865671641791	0.8237416982257595	5025.0
