	precision	recall	f1-score	support
0	0.6741452991452992	0.7685749086479903	0.7182697780307343	821.0
1	0.7910628019323671	0.53556827473426	0.6387128230131643	1223.0
2	0.889604415823367	0.9731633679973163	0.9295097725088112	2981.0
accuracy	0.8332338308457712	0.8332338308457712	0.8332338308457712	0.8332338308457712
macro avg	0.7849375056336778	0.759102183793189	0.7621641245175699	5025.0
weighted avg	0.8304186787922453	0.8332338308457712	0.8242216720710646	5025.0
