	precision	recall	f1-score	support
0	0.6596583442838371	0.6114494518879415	0.6346396965865992	821.0
1	0.6936936936936937	0.5666394112837285	0.6237623762376238	1223.0
2	0.8805513016845329	0.9644414625964441	0.9205891770733269	2981.0
accuracy	0.8099502487562189	0.8099502487562189	0.8099502487562189	0.8099502487562189
macro avg	0.7446344465540212	0.7141767752560381	0.7263304166325165	5025.0
weighted avg	0.7989831479335344	0.8099502487562189	0.8016272465456317	5025.0
