	precision	recall	f1-score	support
0	0.6345794392523364	0.8270401948842875	0.7181385510312004	821.0
1	0.680089485458613	0.4971381847914963	0.5743977326405291	1223.0
2	0.9062397909180007	0.930560214693056	0.9182389937106918	2981.0
accuracy	0.8081592039800995	0.8081592039800995	0.8081592039800995	0.8081592039800995
macro avg	0.74030290520965	0.75157953145628	0.736925092460807	5025.0
weighted avg	0.8068139257847984	0.8081592039800995	0.8018608194363294	5025.0
