	precision	recall	f1-score	support
0	0.6613226452905812	0.8038976857490865	0.725673446948873	821.0
1	0.7368421052631579	0.5494685200327064	0.6295081967213114	1223.0
2	0.907223113964687	0.9480040254948005	0.9271653543307088	2981.0
accuracy	0.8274626865671642	0.8274626865671642	0.8274626865671642	0.8274626865671642
macro avg	0.7684626215061421	0.7671234104255311	0.7607823326669644	5025.0
weighted avg	0.8255792814426152	0.8274626865671642	0.8218002678199068	5025.0
