	precision	recall	f1-score	support
0	0.6576200417536534	0.7673568818514007	0.7082630691399663	821.0
1	0.7204610951008645	0.6132461161079313	0.6625441696113075	1223.0
2	0.9216787838730998	0.9355920831935592	0.9285833194606292	2981.0
accuracy	0.8296517412935324	0.8296517412935324	0.8296517412935324	0.8296517412935324
macro avg	0.7665866402425392	0.7720650270509638	0.7664635194039677	5025.0
weighted avg	0.8295630703112074	0.8296517412935324	0.8278372884598362	5025.0
