	precision	recall	f1-score	support
0	0.7002923976608187	0.5834348355663824	0.6365448504983389	821.0
1	0.6951013513513513	0.6729354047424366	0.6838388034898213	1223.0
2	0.9030725372188787	0.9563904729956391	0.9289670902574129	2981.0
accuracy	0.8264676616915423	0.8264676616915423	0.8264676616915423	0.8264676616915423
macro avg	0.7661554287436828	0.7375869044348193	0.749783581415191	5025.0
weighted avg	0.8193250238073059	0.8264676616915423	0.8215301641760269	5025.0
