	precision	recall	f1-score	support
0	0.6638297872340425	0.8181818181818182	0.7329678935003915	572.0
1	0.768581081081081	0.529685681024447	0.6271536871123363	859.0
2	0.8986842105263158	0.9547996272134203	0.9258924536827836	2146.0
accuracy	0.8308638523902712	0.8308638523902712	0.8308638523902712	0.8308638523902712
macro avg	0.7770316929471465	0.7675557088065618	0.7620046780985038	3577.0
weighted avg	0.8298848484025705	0.8308638523902712	0.8233010505772923	3577.0
