	dccuchile/bert-base-spanish-wwm-uncased	dccuchile/bert-base-spanish-wwm-cased	xlm-roberta-base	bert-base-multilingual-uncased	bert-base-multilingual-cased
0	0.7065535170308027	0.7220158039937012	0.7121165391392102	0.7326374302914448	0.7168797125122912
1	0.7146367103077549	0.6987667339817485	0.7185949610083092	0.7205066547063186	0.7186971143490327
2	0.7060625336201424	0.6972800070847451	0.7119405926054008	0.7256314672463325	0.7170691916491395
3	0.7055470778062578	0.696303676612648	0.7106457434114742	0.7210703576337271	0.7156496158891195
4	0.6878306531821027	0.7104749725830766	0.7161015034809957	0.7193171083900792	0.7129775329328566
