	dccuchile/bert-base-spanish-wwm-uncased	dccuchile/bert-base-spanish-wwm-cased	xlm-roberta-base	bert-base-multilingual-uncased	bert-base-multilingual-cased
0	0.8336629746835443	0.8344541139240507	0.8251582278481012	0.8427610759493671	0.8312895569620253
1	0.8271360759493671	0.8295094936708861	0.8330696202531646	0.839003164556962	0.8382120253164557
2	0.8160601265822784	0.8227848101265823	0.8356408227848101	0.8330696202531646	0.8388053797468354
3	0.8289161392405063	0.8212025316455697	0.8166534810126582	0.8397943037974683	0.8247626582278481
4	0.8249604430379747	0.8334651898734177	0.8384098101265823	0.8378164556962026	0.8285205696202531
