	precision	recall	f1-score	support
0	0.6375908618899273	0.7478684531059683	0.6883408071748879	821.0
1	0.6768027801911382	0.6369582992641046	0.6562763268744735	1223.0
2	0.9364479560288561	0.9144582354914458	0.9253224711473184	2981.0
accuracy	0.8197014925373134	0.8197014925373134	0.8197014925373134	0.8197014925373134
macro avg	0.7502805327033073	0.7664283292871729	0.7566465350655599	5025.0
weighted avg	0.8244265183497338	0.8197014925373134	0.821122395412581	5025.0
