	precision	recall	f1-score	support
0	0.625242718446602	0.784409257003654	0.6958400864397624	821.0
1	0.6795332136445242	0.6189697465249386	0.6478391099700471	1223.0
2	0.9354390836515099	0.9040590405904059	0.919481405663596	2981.0
accuracy	0.8151243781094527	0.8151243781094527	0.8151243781094527	0.8151243781094527
macro avg	0.7467383385808787	0.7691460147063328	0.7543868673578018	5025.0
weighted avg	0.8224750846760326	0.8151243781094527	0.8168290572624064	5025.0
