	precision	recall	f1-score	support
0	0.6644736842105263	0.6151035322777101	0.6388361796331435	821.0
1	0.6609105180533752	0.6884709730171709	0.6744092911493792	1223.0
2	0.9267803410230692	0.9298892988929889	0.928332217012726	2981.0
accuracy	0.8197014925373134	0.8197014925373134	0.8197014925373134	0.8197014925373134
macro avg	0.7507215144289902	0.7444879347292899	0.7471925625984163	5025.0
weighted avg	0.8192156527175899	0.8197014925373134	0.8192329165113309	5025.0
