	precision	recall	f1-score	support
0	0.7132262051915945	0.702801461632156	0.7079754601226993	821.0
1	0.6827094474153298	0.6263286999182338	0.6533049040511726	1223.0
2	0.9078862314156432	0.9423012411942301	0.9247736625514403	2981.0
accuracy	0.8262686567164179	0.8262686567164179	0.8262686567164179	0.8262686567164179
macro avg	0.7679406280075224	0.7571438009148732	0.7620180089084374	5025.0
weighted avg	0.8212778556221454	0.8262686567164179	0.823281599697744	5025.0
