	precision	recall	f1-score	support
0	0.6430517711171662	0.8623629719853837	0.736732570239334	821.0
1	0.7076631977294229	0.6116107931316435	0.6561403508771929	1223.0
2	0.9396581792814789	0.9037235826903723	0.9213406292749657	2981.0
accuracy	0.8258706467661692	0.8258706467661692	0.8258706467661692	0.8258706467661692
macro avg	0.7634577160426893	0.7925657826024665	0.7714045167971643	5025.0
weighted avg	0.8347340551937048	0.8258706467661692	0.8266335333647709	5025.0
