	precision	recall	f1-score	support
0	0.6388400702987698	0.8855054811205847	0.7422154160285861	821.0
1	0.7992227979274611	0.5044971381847915	0.618546365914787	1223.0
2	0.9065810593900482	0.9473331096947333	0.9265091863517061	2981.0
accuracy	0.829452736318408	0.829452736318408	0.829452736318408	0.829452736318408
macro avg	0.781547975872093	0.7791119096667032	0.7624236560983597	5025.0
weighted avg	0.8367075258949869	0.829452736318408	0.8214457605149631	5025.0
