	precision	recall	f1-score	support
0	0.7149532710280374	0.559074299634592	0.6274777853725222	821.0
1	0.6812551610239471	0.6745707277187244	0.6778964667214461	1223.0
2	0.900063051702396	0.9577323045957732	0.9280026003575492	2981.0
accuracy	0.823681592039801	0.823681592039801	0.823681592039801	0.823681592039801
macro avg	0.7654238279181268	0.7304591106496966	0.7444589508171725	5025.0
weighted avg	0.8165651053872933	0.823681592039801	0.8180303268173182	5025.0
