	precision	recall	f1-score	support
0	0.6921269095182139	0.7174177831912302	0.7045454545454546	821.0
1	0.7720329024676851	0.5372035977105478	0.6335583413693346	1223.0
2	0.8751128498344869	0.9755115732975511	0.9225888324873096	2981.0
accuracy	0.8266666666666667	0.8266666666666667	0.8266666666666667	0.8266666666666667
macro avg	0.7797575539401286	0.7433776513997764	0.7535642094673664	5025.0
weighted avg	0.8201281269231917	0.8266666666666667	0.8166191003624249	5025.0
