	precision	recall	f1-score	support
0	0.7180925666199158	0.6236297198538368	0.6675358539765319	821.0
1	0.7592165898617511	0.5388389206868357	0.6303204208512674	1223.0
2	0.8530778164924506	0.9855753102985575	0.9145525291828793	2981.0
accuracy	0.8177114427860697	0.8177114427860697	0.8177114427860697	0.8177114427860697
macro avg	0.7767956576580392	0.7160146502797433	0.7374696013368928	5025.0
weighted avg	0.8081792751362921	0.8177114427860697	0.8050168955840787	5025.0
