	precision	recall	f1-score	support
0	0.6818181818181818	0.6029232643118149	0.6399482870071105	821.0
1	0.6483679525222552	0.7146361406377759	0.6798910929599378	1223.0
2	0.9305320230430363	0.9211673934921167	0.925826028320971	2981.0
accuracy	0.8189054726368159	0.8189054726368159	0.8189054726368159	0.8189054726368159
macro avg	0.7535727191278244	0.7462422661472359	0.7485551360960064	5025.0
weighted avg	0.8212224266465148	0.8189054726368159	0.8192620379597325	5025.0
