	precision	recall	f1-score	support
0	0.6318785578747628	0.8112058465286236	0.7103999999999999	821.0
1	0.7724687144482366	0.5551921504497138	0.6460513796384396	1223.0
2	0.9091203104786546	0.9429721569942973	0.9257368681047259	2981.0
accuracy	0.8270646766169154	0.8270646766169154	0.8270646766169154	0.8270646766169154
macro avg	0.7711558609338846	0.7697900513242115	0.7607294159143886	5025.0
weighted avg	0.8305650108103967	0.8270646766169154	0.8224837494762187	5025.0
