	precision	recall	f1-score	support
0	0.6942590120160214	0.633373934226553	0.6624203821656051	821.0
1	0.7026768642447419	0.6009811937857726	0.647862494490965	1223.0
2	0.8848297213622291	0.9587386782958739	0.9203026887779746	2981.0
accuracy	0.8185074626865672	0.8185074626865672	0.8185074626865672	0.8185074626865672
macro avg	0.7605885325409973	0.7310312687693998	0.7435285218115149	5025.0
weighted avg	0.8093607668094086	0.8185074626865672	0.8118617472174238	5025.0
