	precision	recall	f1-score	support
0	0.6613386613386614	0.8063337393422655	0.7266739846322722	821.0
1	0.7560706401766004	0.5600981193785772	0.643494598403006	1223.0
2	0.9079538165490699	0.9496813149949681	0.9283489096573209	2981.0
accuracy	0.8314427860696517	0.8314427860696517	0.8314427860696517	0.8314427860696517
macro avg	0.7751210393547773	0.7720377245719371	0.7661724975641997	5025.0
weighted avg	0.8306952758264281	0.8314427860696517	0.8260699173967055	5025.0
