	precision	recall	f1-score	support
0	0.645895153313551	0.7953714981729598	0.7128820960698692	821.0
1	0.6935960591133005	0.5756336876533116	0.6291331546023236	1223.0
2	0.920973657885962	0.9265347198926535	0.9237458193979933	2981.0
accuracy	0.8197014925373134	0.8197014925373134	0.8197014925373134	0.8197014925373134
macro avg	0.7534882901042712	0.7658466352396417	0.7552536900233954	5025.0
weighted avg	0.8206906219550337	0.8197014925373134	0.8175905147417757	5025.0
