	precision	recall	f1-score	support
0	0.6386554621848739	0.7405602923264312	0.685843203609701	821.0
1	0.7020109689213894	0.6279640228945217	0.6629261976694	1223.0
2	0.9258140315542128	0.9251928882925193	0.925503355704698	2981.0
accuracy	0.8226865671641791	0.8226865671641791	0.8226865671641791	0.8226865671641791
macro avg	0.7554934875534921	0.7645724011711573	0.7580909189945997	5025.0
weighted avg	0.8244272990065172	0.8226865671641791	0.8224401021430737	5025.0
