	precision	recall	f1-score	support
0	0.6305818673883626	0.8146853146853147	0.7109077040427154	572.0
1	0.7077363896848138	0.5750873108265425	0.6345536287732819	859.0
2	0.9261682242990654	0.923578751164958	0.9248716752216519	2146.0
accuracy	0.8224769359798714	0.8224769359798714	0.8224769359798714	0.8224769359798714
macro avg	0.7548288271240806	0.7711171255589383	0.7567776693458831	3577.0
weighted avg	0.826445456033322	0.8224769359798714	0.8209380455281934	3577.0
