	precision	recall	f1-score	support
0	0.650103519668737	0.7649208282582217	0.7028539451594852	821.0
1	0.7378190255220418	0.5200327064595257	0.6100719424460432	1223.0
2	0.8923991241789178	0.9570613887957061	0.9235998705082551	2981.0
accuracy	0.8193034825870646	0.8193034825870646	0.8193034825870646	0.8193034825870646
macro avg	0.7601072231232321	0.7473383078378179	0.7455085860379279	5025.0
weighted avg	0.8151899397092228	0.8193034825870646	0.8112263260840908	5025.0
