	precision	recall	f1-score	support
0	0.6190878378378378	0.8928136419001218	0.7311720698254364	821.0
1	0.7752293577981652	0.552739165985282	0.645346062052506	1223.0
2	0.930953182889862	0.9272056356927205	0.9290756302521008	2981.0
accuracy	0.8304477611940299	0.8304477611940299	0.8304477611940299	0.8304477611940299
macro avg	0.7750901261752884	0.7909194811927082	0.7685312540433477	5025.0
weighted avg	0.842099115949592	0.8304477611940299	0.8276865586066487	5025.0
