	precision	recall	f1-score	support
0	0.6147260273972602	0.8745432399512789	0.7219708396178984	821.0
1	0.7641083521444695	0.553556827473426	0.6420104314841157	1223.0
2	0.9299899023897678	0.926870177792687	0.9284274193548387	2981.0
accuracy	0.8274626865671642	0.8274626865671642	0.8274626865671642	0.8274626865671642
macro avg	0.7696080939771658	0.7849900817391307	0.7641362301522842	5025.0
weighted avg	0.8381083546646237	0.8274626865671642	0.8249868565429139	5025.0
