	precision	recall	f1-score	support
0	0.6903023983315955	0.8063337393422655	0.7438202247191011	821.0
1	0.805921052631579	0.6009811937857726	0.6885245901639345	1223.0
2	0.9067850348763475	0.959409594095941	0.9323553382233088	2981.0
accuracy	0.8471641791044776	0.8471641791044776	0.8471641791044776	0.8471641791044776
macro avg	0.8010028286131741	0.7889081757413264	0.7882333843687815	5025.0
weighted avg	0.8468668468388165	0.8471641791044776	0.8422076102504591	5025.0
