	precision	recall	f1-score	support
0	0.6424642464246425	0.7113276492082826	0.6751445086705203	821.0
1	0.6468725257323832	0.6680294358135732	0.65728077232502	1223.0
2	0.9393620750087627	0.8990271720899027	0.9187521426122729	2981.0
accuracy	0.8121393034825871	0.8121393034825871	0.8121393034825871	0.8121393034825871
macro avg	0.7428996157219294	0.7594614190372528	0.7503924745359377	5025.0
weighted avg	0.8196669832609866	0.8121393034825871	0.8153130673232203	5025.0
